id,pregunta,categoria,dificultad,fecha_creacion,fecha_mostrada,ruta_audio,ruta_imagen
1,"Todos hemos escuchado mil veces ""Sarandonga"", pero que dÃ­a se va a comer el ""arroz con bacalao"" ğŸ¥˜ğŸš¨",Encuestas WhatsApp,Media,2023-01-14T11:43,,,
2,Â¿CuÃ¡l de los siguientes instrumentos es un instrumento de *CUERDA PULSADA* ğŸª¢ğŸ’“ğŸš¨,Encuestas WhatsApp,Media,2023-01-14T13:55,,,
3,Â¿CuÃ¡l de estÃ¡s palabras procede del Euskera? ğŸš¨,Encuestas WhatsApp,Media,2023-01-15T15:35,,,
4,tÃ©cnica culinaria que consiste en semicocinar alimentos sumergiendolos en agua hirviendo ğŸ’¦ğŸ’¦ ğŸš¨,Encuestas WhatsApp,Media,2023-01-15T15:37,,,
5,La escala de Beaufort es una medida empirica de ls intensidad ... ğŸ“ ğŸš¨,Encuestas WhatsApp,Media,2023-01-15T15:39,,,
6,por protocolo puedes llevar el primer botÃ³n de la camisa desabrochado con corbata ğŸ‘” ğŸš¨,Encuestas WhatsApp,Media,2023-01-15T15:41,,,
7,cuÃ¡l de las siguientes combinaciones tortuga ninja- arma es *INCORRECTA* âš”ï¸ğŸ¢ ğŸš¨,Encuestas WhatsApp,Media,2023-01-15T15:45,,,
8,Â¿CuÃ¡ntos grados son necesarios para que dos Ã¡ngulos sean complementarios? ğŸ“ğŸš¨,Encuestas WhatsApp,Media,2023-01-16T10:46,,,
9,ATENCIÃ“N PREGUNTA *BONUS* ğŸ­: Â¿CuÃ¡l o cuÃ¡les de los siguientes organos *NO* forma parte del aparato digestivo? ğŸš¨,Encuestas WhatsApp,Media,2023-01-16T19:01,,,
10,Â¿Cual es el mineral mÃ¡s abundante del nÃºcleo de La Tierra? â›ï¸ğŸŒ ğŸš¨,Encuestas WhatsApp,Media,2023-01-17T09:49,,,
11,selecciona *SOLAMENTE* los colores primarios que se encuentran entre las siguientes opciones... ğŸ‘¨ğŸ»â€ğŸ¨ğŸ§‘ğŸ»â€ğŸ¨ ğŸš¨,Encuestas WhatsApp,Media,2023-01-17T15:43,,,
12,Â¿CuÃ¡ntos aÃ±os durÃ³ la primera Guerra Mundial? ğŸª–ğŸ¤¼â€â™‚ï¸ ğŸš¨,Encuestas WhatsApp,Media,2023-01-18T08:43,,,
13,"Â¿De dÃ³nde es originaria la pieza de panaderÃ­a de hojaldre conocida cÃ³mo ""Croissant""? ğŸ¥ ğŸš¨",Encuestas WhatsApp,Media,2023-01-19T12:08,,,
14,Â¿CuÃ¡l de las siguientes opciones *NO* es una clasificaciÃ³n de verbos segÃºn su significado? ğŸ“– ğŸš¨,Encuestas WhatsApp,Media,2023-01-20T09:33,,,
15,"Una madre tiene 26 aÃ±os mÃ¡s que su hijo , y dentro de 10 aÃ±os tendrÃ¡ el doble de aÃ±os que su hijo . Â¿CuÃ¡ntos aÃ±os tiene el hijo en la actualidad? ğŸ¤±ğŸ½ğŸ”¢ ğŸš¨",Encuestas WhatsApp,Media,2023-01-21T13:52,,,
16,La sabidurÃ­a popular dice que si te pasas echando sal dn tu guiso lo arreglaras echando... ğŸ¥”ğŸ§… ğŸš¨,Encuestas WhatsApp,Media,2023-01-22T12:36,,,
17,"hoy voy a comer a un restaurante especializado en trufas, Â¿de que producto estamos hablando? ğŸ§† ğŸš¨",Encuestas WhatsApp,Media,2023-01-22T12:38,,,
18,"quiÃ©n canta ""El PerdÃ³n"" junto a ""Nicky Jam"" ğŸ‘¨ğŸ»â€ğŸ¤? ğŸš¨",Encuestas WhatsApp,Media,2023-01-22T12:40,,,
19,"una ordenanza municipal en Sevilla en 2014 ordeno que no se puede "".............."" en la terraza de los baresğŸ‘©ğŸ»â€âš–ï¸ğŸš¨",Encuestas WhatsApp,Media,2023-01-22T12:43,,,
20,Â¿CuÃ¡ntas veces se puede restar 1 a la cifra 101? â–ğŸš¨,Encuestas WhatsApp,Media,2023-01-22T12:45,,,
21,"el sistema de matriculaciÃ³n actual entro en vigor el dÃ­a 18 de septiembre de 2000, peroooo.... , Â¿CuÃ¡l fue la primera matrÃ­cula de Ã©ste? ğŸš˜ ğŸš¨",Encuestas WhatsApp,Media,2023-01-23T09:08,,,
22,Â¿CuÃ¡ntos aÃ±os son un Lustro? â³ ğŸš¨,Encuestas WhatsApp,Media,2023-01-24T09:05,,,
23,"ATENCIÃ“N PREGUNTA *ğŸ­BONUSğŸ­*: Â¿CuÃ¡l o cuales de estos cantantes *NO* aparece/n junto a ""Bad Bunny"" el conejo malo ğŸ˜ˆğŸ° en alguna canciÃ³n? ğŸ¶ğŸš¨",Encuestas WhatsApp,Media,2023-01-24T14:35,,,
24,ATENCIÃ“N PREGUNTA Â¿CuÃ¡l es la videoconsola mÃ¡s vendida de la historia? ğŸ”ğŸ® ğŸš¨,Encuestas WhatsApp,Media,2023-01-25T09:26,,,
25,"En la tierra, por cada segundo que un objeto estÃ¡ en caida libre, su velocidad aumenta de media en... â¬‡ï¸ğŸ’¨ ğŸš¨",Encuestas WhatsApp,Media,2023-01-26T08:45,,,
26,Â¿QuÃ© se inventÃ³ antes? ğŸ˜¯ğŸ’­ ğŸš¨,Encuestas WhatsApp,Media,2023-01-27T10:25,,,
27,Â¿QuÃ© se inventÃ³ despuÃ©s? ğŸ˜¯ğŸ’­ ğŸš¨,Encuestas WhatsApp,Media,2023-01-27T10:26,,,
28,Â¿Hace cuÃ¡nto se extinguieron los dinosaurios! ğŸ¦–ğŸ¦•â˜„ï¸âš°ï¸â˜ ï¸ğŸ˜¯ğŸš¨,Encuestas WhatsApp,Media,2023-01-28T16:09,,,
29,Â¿QuÃ© Isla tiene mÃ¡s habitantes? ğŸ–ï¸ ğŸš¨,Encuestas WhatsApp,Media,2023-01-29T14:32,,,
30,"Si estoy celebrando mis bodas de ""madera"", llevo ca""N""sado... ğŸ¤£ğŸªµğŸš¨",Encuestas WhatsApp,Media,2023-01-29T14:35,,,
31,"Las auroras boreales, un fenÃ³meno de la atmÃ³sfera, estÃ¡n relacionadas... â˜„ï¸âœ³ï¸âœ´ï¸â­ ğŸš¨",Encuestas WhatsApp,Media,2023-01-29T14:38,,,
32,Â¿CuÃ¡ntos movimientos tiene la novena sinfonÃ­a de Beethoven ğŸ¹ğŸ¹ğŸ¶ğŸš¨,Encuestas WhatsApp,Media,2023-01-29T14:40,,,
33,Pa' pasal.........  en el do' mil diecisei' ğŸ°ğŸ˜ˆğŸš¨,Encuestas WhatsApp,Media,2023-01-29T14:42,,,
34,Â¿CuÃ¡ntos pares de costillas tenemos por norma general? ğŸ¦´ğŸ¦´ğŸš¨,Encuestas WhatsApp,Media,2023-01-30T12:07,,,
35,â €â €â €â €â €â €â €â €â €,Encuestas WhatsApp,Media,2023-01-30T17:28,,,
36,Â¿Cuanto dura un cortometraje? ğŸï¸ğŸš¨,Encuestas WhatsApp,Media,2023-01-31T09:41,,,
37,Â¿Cuantos cromos salen en los sobres de Adrenalyn? âš½âœ‰ï¸ğŸ™€ğŸš¨,Encuestas WhatsApp,Media,2023-01-31T15:40,,,
38,Como estÃ¡ aries en el ranking semanal,Encuestas WhatsApp,Media,2023-01-31T16:01,,,
39,"Si ves esta ave la identificarÃ¡s por la caracteristica cresta de plumas en su cabeza, Â¿CuÃ¡l? ğŸ”ğŸ“ğŸš¨",Encuestas WhatsApp,Media,2023-02-01T09:22,,,
40,AyÃºdanos con este estudio estadÃ­stico! Â¿QuÃ© signo eres? âœ¨âœ¨âœ¨,Encuestas WhatsApp,Media,2023-02-01T18:20,,,
41,Â¿QuÃ© es peor? ğŸ’©ğŸ‘ğŸ˜“ğŸš©ğŸš¨,Encuestas WhatsApp,Media,2023-02-01T19:44,,,
42,Â¿Que es peor? ğŸ¤·ğŸ¤·â€â™€ï¸ğŸ¤·â€â™‚ï¸ğŸš¨,Encuestas WhatsApp,Media,2023-02-01T22:36,,,
43,"Â¿De dÃ³nde es KikiMotelaba, cantautor de temas cÃ³mo: *""Tigini""*? ğŸ‘¯ğŸ‘¯â€â™‚ï¸ğŸ’ƒğŸ•ºğŸš¨",Encuestas WhatsApp,Media,2023-02-02T09:36,,,
44,Â¿En que aÃ±o se construyÃ³ la muralla romana de Lugo? ğŸ‡ªğŸ‡¸ğŸ™ğŸš¨,Encuestas WhatsApp,Media,2023-02-02T16:31,,,
45,Â¿QuÃ© altura tiene la *VIRGEN DEL PILAR* â›ªğŸ‘¼ğŸ‘±â€â™€ï¸ğŸ‘¼ğŸš¨,Encuestas WhatsApp,Media,2023-02-03T08:13,,,
46,pregunta relativa al felino,Encuestas WhatsApp,Media,2023-02-03T16:06,,,
47,"*""TROLL BECINY EDITION""* Â¿CuÃ¡l o cuÃ¡les de estas canciÃ³nes *no* pertenece al *""BILLIONS CLUB""*? ğŸ“€ğŸ•ºğŸš¨",Encuestas WhatsApp,Media,2023-02-04T19:33,,,
48,ATENCIÃ“N PREGUNTA #1: segÃºn los griegos Â¿QuiÃ©nes son las divinidades inspiradoras de mas artes? ğŸ‡¬ğŸ‡·ğŸ˜ğŸ˜ğŸš¨,Encuestas WhatsApp,Media,2023-02-05T09:04,,,
49,ATENCIÃ“N PREGUNTA #2: El chucrut es un plato de col fermentada en ... ğŸ¥¬ğŸš¨,Encuestas WhatsApp,Media,2023-02-05T09:07,,,
50,ATENCIÃ“N PREGUNTA #3: La sexta letra del alfabeto griego era ... ğŸ‡¬ğŸ‡·ğŸ”¡ğŸš¨,Encuestas WhatsApp,Media,2023-02-05T09:09,,,
51,ATENCIÃ“N PREGUNTA #4: Â¿Que animales llevan a cabo la gran migraciÃ³n del serengueti? ğŸ¦›ğŸ¦Œ ğŸš¨,Encuestas WhatsApp,Media,2023-02-05T09:11,,,
52,ATENCIÃ“N PREGUNTA #5: QuÃ© es mayor... ğŸ¤ª>>>>>>>> ğŸš¨,Encuestas WhatsApp,Media,2023-02-05T09:15,,,
53,Â¿CuÃ¡l es el *SEGUNDO* rÃ­o *MÃS LARGO* de Europa? ğŸï¸ğŸš¨,Encuestas WhatsApp,Media,2023-02-06T08:38,,,
54,Â¿Creeis que en algun momento los retrovisores laterales pasarÃ¡n a ser camaritas pequeÃ±as y habra dentro de los coches unas pantallitas? (si es que no lo estÃ¡n haciendo ya),Encuestas WhatsApp,Media,2023-02-06T17:05,,,
55,Â¿QuÃ© *DOS* meses cominezan el mismo dia de la semana TODOS LOS AÃ‘OS? ğŸ“†ğŸ«‚ğŸ“… ğŸš¨,Encuestas WhatsApp,Media,2023-02-07T08:04,,,
56,"Â¿CuÃ¡l de estos ğŸ’¡""FUN FACTS""ğŸ’¡ es *FALSO*!? ğŸ˜¨ğŸ˜¨ğŸ˜±ğŸ˜±ğŸ¤¥ğŸ¤¥ğŸ¤¥ğŸš¨",Encuestas WhatsApp,Media,2023-02-08T10:41,,,
57,ATENCIÃ“N PREGUNTA ğŸš¨,Encuestas WhatsApp,Media,2023-02-08T22:04,,,
58,Â¿Como aparecerÃ¡ hoy Amador?,Encuestas WhatsApp,Media,2023-02-08T22:11,,,
59,Â¿CuÃ¡ntas provincias forman la Comunidad AutÃ³noma de Islas Baleares? ğŸ–ï¸ğŸï¸ğŸš¨,Encuestas WhatsApp,Media,2023-02-09T08:57,,,
60,Â¿De quÃ© color tienen la piel los Osos Polares ? ğŸ¥¶ğŸ–ï¸ ğŸš¨,Encuestas WhatsApp,Media,2023-02-10T08:57,,,
61,El vidrio es (......) reciclable ğŸ¾â™»ï¸ğŸš¨,Encuestas WhatsApp,Media,2023-02-11T09:22,,,
62,Â¿CuÃ¡l de estas partes de la CASTAÃ‘UELA me la acabo de inventar impresionantemente? ğŸŒ°ğŸŒ°ğŸš¨,Encuestas WhatsApp,Media,2023-02-12T12:35,,,
63,Â¿CuÃ¡l es la escritura valida? âœğŸ½ğŸš¨,Encuestas WhatsApp,Media,2023-02-13T07:59,,,
64,La palabra CÃ¡diz tiene su origen en los fenicios que fundaron la ciudad. Procede del tÃ©rmino GÃ¡dir que significa... ğŸ¢ğŸ‡ªğŸ‡¦ ğŸš¨,Encuestas WhatsApp,Media,2023-02-13T08:00,,,
65,Â¿De quÃ© color lleva el gorro un portero de waterpolo?  ğŸ¤½ğŸ½â€â™‚ï¸ ğŸš¨,Encuestas WhatsApp,Media,2023-02-13T08:00,,,
66,"Movimiento de dilataciÃ³n del corazÃ³n y arterias, cuando la sangre penetra en su cavidad: ğŸ§›ğŸ½â€â™‚ï¸ ğŸ©¸ ğŸš¨",Encuestas WhatsApp,Media,2023-02-13T08:01,,,
67,"Rosalio era un hombre muy elegante que siempre vestÃ­a con pantalÃ³n, camisa y chaleco. Â¿QuÃ© nombre recibe este conjunto? ğŸ•´ï¸ğŸš¨",Encuestas WhatsApp,Media,2023-02-13T08:06,,,
68,â €â €â €â €â €â €â €â €â €,Encuestas WhatsApp,Media,2023-02-13T14:30,,,
69,"AtenciÃ³n Pregunta, con quien se deberÃ­a haber casado Berta â€œSor Quisquillaâ€?",Encuestas WhatsApp,Media,2023-02-13T14:51,,,
70,ATENCIÃ“N PREGUNTA *â¤ï¸â€ğŸ”¥ San ValentÃ­n Edition â¤ï¸â€ğŸ”¥*: Â¿QuÃ© sustancia quÃ­mica del cerebro se conoce tambiÃ©n como la hormona del amor? ğŸ˜ğŸ’“ğŸ’¥ ğŸš¨,Encuestas WhatsApp,Media,2023-02-14T09:28,,,
71,ATENCIÃ“N PREGUNTA *BONUS ğŸ­ â¤ï¸â€ğŸ”¥San Valentin Edition ğŸ’–*: Â¿De quiÃ©n era hijo CÃºpido en la MITOLOGIA ROMANA? ğŸš¨,Encuestas WhatsApp,Media,2023-02-14T16:43,,,
72,ATENCION NO PREGUNTA OFICIAL Â¿Como se llama la propietaria de Ke Pedrolo? ğŸª¨ğŸ˜ğŸš¨,Encuestas WhatsApp,Media,2023-02-14T18:15,,,
73,Â¿CuÃ¡ntas estrellas principales conforman la Osa Mayor? ğŸ§¸> ğŸš¨,Encuestas WhatsApp,Media,2023-02-15T08:34,,,
74,â €â €â €â €â €â €â €â €â €,Encuestas WhatsApp,Media,2023-02-15T09:43,,,
75,"Â¿En cuÃ¡ntos cursos habÃ©is suspendido 1 o mÃ¡s asignaturas (habÃ©is tenido que realizar segunda matrÃ­cula, no cuantas matrÃ­culas, sino cuantos cursos aunque sean mÃ¡s de una matrÃ­cula) para el aÃ±o siguiente?ğŸš¨",Encuestas WhatsApp,Media,2023-02-15T19:40,,,
76,â €â €â €â €â €â €â €â €â €,Encuestas WhatsApp,Media,2023-02-15T22:13,,,
77,Pregunta de maÃ±ana:,Encuestas WhatsApp,Media,2023-02-15T22:29,,,
78,Â¿CuÃ¡l o cuÃ¡les de las siguientes canciones fueron lanzandas en el aÃ±o 2012? ğŸ—£ï¸ğŸµğŸ¶ğŸš¨,Encuestas WhatsApp,Media,2023-02-16T09:12,,,
79,â €â €â €â €â €â €â €â €â €,Encuestas WhatsApp,Media,2023-02-16T10:22,,,
80,â €â €â €â €â €â €â €â €â €,Encuestas WhatsApp,Media,2023-02-16T10:27,,,
81,ğŸ”™ğŸ”™,Encuestas WhatsApp,Media,2023-02-16T10:30,,,
82,"ATENCIÃ“N PREGUNTA ğŸ­ *BOOOONUS* ğŸ­: de las canciones mencionadas esta bonita maÃ±ana de Jueves... Â¿CuÃ¡l o cuÃ¡les de ellas pertenecen al ""BILLIONS CLUB"" de Spotify (tienen 1 billÃ³n o mas de reproducciones en la plataforma) ğŸ¶ğŸ¶ğŸ”ŠğŸ”ŠğŸ”ğŸ” ğŸš¨",Encuestas WhatsApp,Media,2023-02-16T15:46,,,
83,AtenciÃ³n chiquipregunta: *astronaut in the ocean*...,Encuestas WhatsApp,Media,2023-02-16T15:58,,,
84,PREGUNTA NO OFICIAL: Â¿plataforma streaming para comentar la noche de juegos?,Encuestas WhatsApp,Media,2023-02-16T17:30,,,
85,CuÃ¡ntas cervezas bajo para jorge y para mÃ­,Encuestas WhatsApp,Media,2023-02-16T21:12,,,
86,Cuanto de â€œmis cosasâ€ bajo?,Encuestas WhatsApp,Media,2023-02-16T21:13,,,
87,Â¿A quÃ© distancia de la superficie de la tierra empieza oficialmente el espacio exterior? ğŸŒŒğŸ›°ï¸ ğŸš¨,Encuestas WhatsApp,Media,2023-02-17T08:01,,,
88,Â¿CuÃ¡l de estos animales tiene una mayor esperanza de vida? ğŸ™ğŸ”ğŸ•Šï¸ ğŸš¨,Encuestas WhatsApp,Media,2023-02-18T11:03,,,
89,ğŸ—£ï¸AtenciÃ³n chiquiencuesta sin respuesta: Â¿Que hay mÃ¡s!??!! ğŸ—£ï¸,Encuestas WhatsApp,Media,2023-02-18T19:54,,,
90,os gusta RAW alejandro,Encuestas WhatsApp,Media,2023-02-19T01:27,,,
91,ğŸ—£ï¸ ATENCIÃ“N Chiquiencuesta sin respuesta: Julieta Venegas ... ğŸ—£ï¸,Encuestas WhatsApp,Media,2023-02-19T02:44,,,
92,Â¿CuÃ¡l de estos animales es un marsupial? ğŸš¨,Encuestas WhatsApp,Media,2023-02-19T11:51,,,
93,Â¿CuÃ¡ntos policias por 100.000 ciudadanos hay en EspaÃ±a? ğŸ‘®ğŸ‘®ğŸ‘®â€â™€ï¸ğŸ‘®â€â™€ï¸ğŸ‘®â€â™‚ï¸ğŸ‘®â€â™‚ï¸ğŸ‘®â€â™‚ï¸ ğŸ‡ªğŸ‡¦ ğŸš¨,Encuestas WhatsApp,Media,2023-02-19T11:53,,,
94,Â¿CuÃ¡l de estos alimentos NO lleva Arroz? ğŸšğŸš¨,Encuestas WhatsApp,Media,2023-02-19T11:55,,,
95,Es un palo del flamenco... ğŸ¶ğŸµğŸ’ƒ ğŸš¨,Encuestas WhatsApp,Media,2023-02-19T11:57,,,
96,Â¿Con quÃ© fiesta termina la celebraciÃ³n del nuevo aÃ±o chino? â›©ï¸ğŸ‘²ğŸ¥‚ ğŸš¨,Encuestas WhatsApp,Media,2023-02-19T11:58,,,
97,"SegÃºn las estadÃ­sticas oficiales, la media de distancia que recorre un jugador durante un partido es de... âš½ğŸƒğŸ½â€â™‚ï¸ğŸ’¨ ğŸš¨",Encuestas WhatsApp,Media,2023-02-20T08:38,,,
98,ğŸ§˜ğŸ½â€â™€ï¸ğŸ§˜ğŸ¼â€â™€ï¸ *ATENCIÃ“N PREGUNTA NO OFICIAL*  ğŸ§˜ğŸ¼â€â™€ï¸ğŸ§˜ğŸ½â€â™€ï¸  Â¿Â¿Â¿CuÃ¡ntos tipos de tÃ© e infusiones hay en el cajÃ³n mÃ­stico de esther y erin???,Encuestas WhatsApp,Media,2023-02-20T21:06,,,
99,Â¿CuÃ¡nto mide una puerta promedio? ğŸšªğŸ“ ğŸš¨,Encuestas WhatsApp,Media,2023-02-21T08:48,,,
100,QuiÃ©n es mÃ¡s monger,Encuestas WhatsApp,Media,2023-02-21T11:30,,,
101,Delirio de grandeza Top 3 Motomami's songs????,Encuestas WhatsApp,Media,2023-02-21T18:20,,,
102,Â¿CuÃ¡ntas gotas equivalen a 1mL? ğŸ’¦ğŸ’§ğŸ’¦ğŸ’§ğŸš¨,Encuestas WhatsApp,Media,2023-02-22T08:52,,,
103,ATENCIÃ“N PREGUNTA ğŸ­ BoOOOoooNuuuS ğŸ­ Â¿CuÃ¡les son los sabores primarios/bÃ¡sicos? ğŸ˜‹ğŸ˜‹ğŸ‘…ğŸ‘…ğŸ‘… ğŸš¨,Encuestas WhatsApp,Media,2023-02-22T16:55,,,
104,"ğŸ—£ï¸ATENCIÃ“N CHIQUIENCUESTA SIN REPUESTA: Â¿Recordais ""Ricola""? ğŸ—£ï¸",Encuestas WhatsApp,Media,2023-02-23T10:32,,,
105,Â¿QuÃ© animal transmitio la enfermedad infecciosa conocida cÃ³mo la Peste Negra a los seres humanos? ğŸ˜·ğŸ¤’ğŸ´ ğŸš¨,Encuestas WhatsApp,Media,2023-02-24T09:19,,,
106,*MEJOR ALBÃšM DEL CONEJO MALO??* ğŸ°ğŸ°,Encuestas WhatsApp,Media,2023-02-24T20:15,,,
107,*CON QUE ÃLBUM DE VEINTE VEINTIDÃ“S TE QUEDAS??*ğŸ° o ğŸ‡,Encuestas WhatsApp,Media,2023-02-24T20:17,,,
108,El *afelio* de la Tierra es el punto de su Ã³rbita mÃ¡s alejado del Sol... Â¿En quÃ© mes se produce? ğŸŒâ†”ï¸ğŸŒ ğŸš¨,Encuestas WhatsApp,Media,2023-02-25T07:05,,,
109,Â¿CuÃ¡ntos Ã¡ngulos obtusos tiene un triÃ¡ngulo obtusÃ¡ngulo? ğŸ“ğŸ“ ğŸš¨,Encuestas WhatsApp,Media,2023-02-26T11:53,,,
110,"aquÃ­ hay much@ ""Tinder@"" y asÃ­ es muy facil meterla o que te la metan en caliente..., Pero antes los enamorados pelaban... ğŸ‘¨â€â¤ï¸â€ğŸ‘¨ğŸ‘¨â€â¤ï¸â€ğŸ’‹â€ğŸ‘¨ğŸ‘©â€â¤ï¸â€ğŸ’‹â€ğŸ‘©ğŸ’ğŸ’‘ğŸ‘©â€â¤ï¸â€ğŸ‘¨ ğŸš¨",Encuestas WhatsApp,Media,2023-02-26T11:53,,,
111,Â¿A quÃ© especie de animal perteneciÃ³ el megalodÃ³n? ğŸ¦ˆğŸ³ ğŸš¨,Encuestas WhatsApp,Media,2023-02-26T11:54,,,
112,"La palabra ""pero"" es una conjunciÃ³n Â¿De que tipo? ğŸ“– ğŸš¨",Encuestas WhatsApp,Media,2023-02-26T11:54,,,
113,Â¿En quÃ© parte del cuerpo se encuentra el bazo? ğŸ©» ğŸš¨,Encuestas WhatsApp,Media,2023-02-26T11:55,,,
114,AtenciÃ³n pregunta ğŸš¨ğŸš¨: Tengo anginas para el finde!!???ğŸ¤”ğŸ¤”ğŸ«¢ğŸ˜®â€ğŸ’¨,Encuestas WhatsApp,Media,2023-02-27T08:36,,,
115,Â¿CuÃ¡ntos presidentes ha tenido en total la Democracia EspaÃ±ola? âœŠ ğŸ‡ªğŸ‡¸ğŸš¨,Encuestas WhatsApp,Media,2023-02-27T08:44,,,
116,â €â €â €â €â €â €â €â €â €,Encuestas WhatsApp,Media,2023-02-27T13:25,,,
117,ATENCIÃ“N PREGUNTA ğŸ­ *BOOONUUUS* ğŸ­: Â¿QuÃ© artista tiene mas oyentes mensuales en Spotify en estos precisos instantes? ğŸ”ğŸ”ğŸ’¥ğŸ’¥ğŸ¶ğŸ‘‚ğŸ‘¯â€â™‚ï¸ ğŸš¨,Encuestas WhatsApp,Media,2023-02-27T16:33,,,
118,Musicalmente hablando,Encuestas WhatsApp,Media,2023-02-27T19:33,,,
119,Sexualmente hablando,Encuestas WhatsApp,Media,2023-02-27T19:33,,,
120,De que sois?,Encuestas WhatsApp,Media,2023-02-27T22:08,,,
121,ğŸ«¢ğŸ«¢ğŸ«¢ğŸ«¢ğŸ«¢ğŸ«¢ğŸ«¢ğŸ«¢ğŸ«¢ğŸ«¢ğŸ«¢ğŸ«¢ğŸ«¢,Encuestas WhatsApp,Media,2023-02-27T22:39,,,
122,Â¿EXITO MAS EFIMERO?,Encuestas WhatsApp,Media,2023-02-27T23:06,,,
123,ayuda no puedo elegir,Encuestas WhatsApp,Media,2023-02-27T23:15,,,
124,Si un artista del gÃ©nero viniese a ZGZ querrÃ­a que fuese...,Encuestas WhatsApp,Media,2023-02-27T23:21,,,
125,"En la famosa frase ""Veni , vidi, vici"", Â¿Que figura retÃ³rica utilizÃ³ Julio Cesa para dar mÃ¡s dramatismo? ğŸ“œâœï¸ ğŸš¨",Encuestas WhatsApp,Media,2023-02-28T08:45,,,
126,CHIQUIENCUESTA esta vez CON RESPUESTA quÃ© desconozco: El platano,Encuestas WhatsApp,Media,2023-02-28T19:44,,,
127,CHIQUIENCUESTA estÃ¡ vez con RESPUESTA quÃ© desconozco: el kiwi...,Encuestas WhatsApp,Media,2023-02-28T19:45,,,
128,Â¿CuÃ¡l o Cuales de los siguientes idiomas son los oficiales de Suiza? ğŸ—£ï¸ğŸ‡¨ğŸ‡­ ğŸš¨,Encuestas WhatsApp,Media,2023-03-01T08:47,,,
129,Â¿CuÃ¡ntas patas tiene un bicho palo? ğŸªµğŸ¾ ğŸš¨,Encuestas WhatsApp,Media,2023-03-01T14:40,,,
130,Â¿De quÃ© material estÃ¡n hechos los billetes (de dinero)? ğŸ’· ğŸš¨,Encuestas WhatsApp,Media,2023-03-02T09:07,,,
131,Â¿QUIÃ‰N QUIERES QUE GANE? ğŸ˜³ğŸ˜µ ğŸš¨,Encuestas WhatsApp,Media,2023-03-03T09:30,,,
132,Â¿CuÃ¡l es el nombre del proceso por el cual los insectos pasan de su estado larvario a adulto? ğŸª³ğŸª²ğŸ¦ŸğŸ¦—ğŸ›ğŸœğŸğŸğŸ•·ï¸ğŸ¦‹ ğŸš¨,Encuestas WhatsApp,Media,2023-03-05T13:16,,,
133,Â¿En quÃ© aÃ±o se construyÃ³ la Torre Eiffel? ğŸ—¼ğŸ”§ğŸ‘·ğŸ½â€â™‚ï¸ğŸš¨,Encuestas WhatsApp,Media,2023-03-06T09:42,,,
134,*ğŸš¨ ATENCIÃ“N PREGUNTA: Â¿CÃºal de los siguientes territorios ocupaba el Imperio inca?*,Encuestas WhatsApp,Media,2023-03-06T17:23,,,
135,â €â €â €â €â €â €â €â €â €,Encuestas WhatsApp,Media,2023-03-06T17:32,,,
136,"*ğŸš¨ ATENCIÃ“N PREGUNTA: ğŸ’¸ EL PRECIO JUSTO ğŸ’¸ de ""Kika superbruja y la espada mÃ¡gica"" es... ğŸ§*",Encuestas WhatsApp,Media,2023-03-07T07:50,,,
137,AtenciÃ³n pregunta ğŸš¨,Encuestas WhatsApp,Media,2023-03-07T21:59,,,
138,ATENCIÃ“N PREGUNTAğŸš¨ Â¿que pie calza raw alejandro?,Encuestas WhatsApp,Media,2023-03-07T22:55,,,
139,*ğŸš¨ATENCIÃ“N PREGUNTA: Â¿CÃºal es el paÃ­s mÃ¡s poblado de Ãfrica? ğŸš¨*,Encuestas WhatsApp,Media,2023-03-08T08:20,,,
140,TÃ­a Marta tiene razÃ³n?,Encuestas WhatsApp,Media,2023-03-08T10:52,,,
141,*ğŸš¨ATENCIÃ“N PREGUNTA: Â¿CÃºal es la octava letra del alfabeto griego?ğŸš¨*,Encuestas WhatsApp,Media,2023-03-08T18:05,,,
142,*ğŸš¨ATENCIÃ“N PREGUNTA: Ayer celebramos el DÃ­a de la Mujer pero... Â¿CuÃ¡ndo se celebra el dÃ­a de la croqueta?ğŸš¨*,Encuestas WhatsApp,Media,2023-03-09T11:12,,,
143,*ğŸš¨ATENCIÃ“N PREGUNTA: Â¿CuÃ¡l es la ciudad espaÃ±ola con mÃ¡s semÃ¡foros por habitante?ğŸš¦ğŸš¨*,Encuestas WhatsApp,Media,2023-03-09T15:26,,,
144,ğŸ—£ï¸ CHIQUIENCUESTA CON RESPUESTA EL VILLAREAL PODRÃA DAR LA SORPRESA HOY? ğŸ—£ï¸,Encuestas WhatsApp,Media,2023-03-09T21:08,,,
145,"ATENCIÃ“N PREGUNTA que me apetece hacer, enano manda tu una igualmente: Â¿QuiÃ©n tiene mas oyentes mensuales en Spotify? ğŸ‘‚ğŸ‘‚ğŸ‘‚ ğŸš¨",Encuestas WhatsApp,Media,2023-03-10T08:53,,,
146,*ATENCIÃ“N PREGUNTA: Los seres humanos tenemos 5 miedos comunes (cientÃ­ficamente demostrado). Â¿CuÃ¡les de los siguientes miedos no pertenecen a esos 5 miedos comunes?,Encuestas WhatsApp,Media,2023-03-10T09:14,,,
147,QuiÃ©n es mÃ¡s guarro,Encuestas WhatsApp,Media,2023-03-10T13:38,,,
148,mayor patrimonio zaragozana,Encuestas WhatsApp,Media,2023-03-10T22:36,,,
149,*ğŸš¨ATENCIÃ“N PREGUNTA: Â¿CuÃ¡l es el gentilicio de Madagascar? ğŸ‡²ğŸ‡¬ğŸš¨*,Encuestas WhatsApp,Media,2023-03-11T10:33,,,
150,Fieletes empanados,Encuestas WhatsApp,Media,2023-03-11T15:22,,,
151,Â¿Comenzamos tiemporada #4 este Lunes?,Encuestas WhatsApp,Media,2023-03-11T15:46,,,
152,ENCUESTA EXTRAOFICIALğŸ§šğŸ»â€â™€ï¸ Â¿quiÃ©n ganarÃ¡ el futbolin?,Encuestas WhatsApp,Media,2023-03-11T22:37,,,
153,â €â €â €â €â €â €â €â €â €,Encuestas WhatsApp,Media,2023-03-11T23:03,,,
154,*ğŸš¨ATENCIÃ“N PREGUNTA: Â¿CuÃ¡l es el nombre cientÃ­fico del jaguar?ğŸš¨*,Encuestas WhatsApp,Media,2023-03-12T11:56,,,
155,*ğŸš¨ATENCIÃ“N PREGUNTA: Â¿QuiÃ©n es el Dios del Sol griego?ğŸš¨*,Encuestas WhatsApp,Media,2023-03-12T11:57,,,
156,*ğŸš¨ATENCIÃ“N PREGUNTA: En el mundo PokÃ©mon... Â¿Contra quÃ© tipo es dÃ©bil el Tipo PsÃ­quico?ğŸš¨*,Encuestas WhatsApp,Media,2023-03-12T12:00,,,
157,*ğŸš¨ATENCIÃ“N PREGUNTA: Â¿QuÃ© canciÃ³n ha escuchado mÃ¡s Betzini durante su vida?ğŸš¨*,Encuestas WhatsApp,Media,2023-03-12T12:01,,,
158,*ğŸš¨ATENCIÃ“N PREGUNTA: Un estudio concluyÃ³ la siguiente pregunta... Â¿QuÃ© hay mÃ¡s?,Encuestas WhatsApp,Media,2023-03-12T12:06,,,
159,"De los miedos que menciono Betziny, Â¿CuÃ¡l dirÃ­as que es el mayor de los tuyos? ğŸ˜±",Encuestas WhatsApp,Media,2023-03-13T00:10,,,
160,*ğŸš¨ ATENCIÃ“N PREGUNTA #1: Â¿CuÃ¡l es/fue la red social con la mayor cantidad de usuarios activos diarios a nivel mundial en 2022? ğŸ‘«ğŸŒâ˜ï¸ğŸ”ğŸ‘¬ ğŸš¨*,Encuestas WhatsApp,Media,2023-03-13T08:36,,,
161,HOMBRE,Encuestas WhatsApp,Media,2023-03-13T13:44,,,
162,At. Pregunta! Que palabra se repite mÃ¡s en el quijote,Encuestas WhatsApp,Media,2023-03-13T20:57,,,
163,Pregunta de maÃ±ana,Encuestas WhatsApp,Media,2023-03-13T22:13,,,
164,Mientras planto el moji moji maÃ±anero va,Encuestas WhatsApp,Media,2023-03-14T08:12,,,
165,ATENCIÃ“N PREGUNTA #2: Â¿CuÃ¡l de las siguientes opciones es considerada la principal causa de muerte a nivel mundial? âš°ï¸ğŸ¥€ ğŸš¨,Encuestas WhatsApp,Media,2023-03-14T08:29,,,
166,troll beciny estudiarÃ¡,Encuestas WhatsApp,Media,2023-03-14T17:27,,,
167,"ATENCIÃ“N PREGUNTA #3: Â¿CuÃ¡l es el porcentaje mÃ­nimo de cacao que debe contener el chocolate negro para ser considerado ""chocolate negro""? ğŸ«ğŸ–¤ ğŸš¨",Encuestas WhatsApp,Media,2023-03-15T08:46,,,
168,Â¿CuÃ¡l es el proceso de fabricaciÃ³n MÃS COMÃšN de las sillas de plÃ¡stico? ğŸ’ºğŸ¦½ğŸ¦¼ğŸª‘ ğŸš¨,Encuestas WhatsApp,Media,2023-03-15T15:58,,,
169,ATENCIÃ“N PREGUNTA #5: Â¿CuÃ¡nto tiempo gesta aproximadamente una elefanta a su cria? ğŸ˜ğŸ’¨ğŸ‘¶ğŸ¼ ğŸš¨,Encuestas WhatsApp,Media,2023-03-16T08:46,,,
170,CreÃ©is que el Alfa serÃ¡ tan putero cÃ³mo dice serlo?,Encuestas WhatsApp,Media,2023-03-16T09:26,,,
171,ATENCIÃ“N PREGUNTA #6: Â¿CuÃ¡l es el elemento mÃ¡s abundante en el universo? ğŸŒŒâ•ğŸŒŒâ• ğŸš¨,Encuestas WhatsApp,Media,2023-03-17T08:43,,,
172,â €â €â €â €â €â €â €â €â €,Encuestas WhatsApp,Media,2023-03-17T09:32,,,
173,Â¿CuÃ¡l es la cantidad de agua dulce disponible en La Tierra? ğŸ­ğŸŒ§ï¸ ğŸš¨,Encuestas WhatsApp,Media,2023-03-18T07:29,,,
174,ATENCIÃ“N PREGUNTA #8: Â¿QuÃ© ciudad fue declarada Patrimonio Cultural de la Humanidad por la UNESCO en 1987 por su arquitectura colonial espaÃ±ola y sus sitios arqueolÃ³gicos precolombinos? ğŸ§«ğŸ‡ªğŸ‡¸ğŸ‘¨ğŸ¼â€ğŸ’¼ğŸš¨,Encuestas WhatsApp,Media,2023-03-19T12:05,,,
175,Â¿CuÃ¡l es el ingrediente comÃºn en la mayorÃ­a de las pastas de dientes que ayuda a prevenir la caries dental? ğŸª¥âœ… ğŸš¨,Encuestas WhatsApp,Media,2023-03-19T12:06,,,
176,Â¿CuÃ¡l es la forma correcta de escribir ............? âœï¸âœï¸âœï¸âœï¸âœï¸ ğŸš¨,Encuestas WhatsApp,Media,2023-03-19T12:09,,,
177,ATENCIÃ“N PREGUNTA #11: Â¿QuÃ© paÃ­s es el principal productor de cafÃ© del mundo? â˜•ğŸ› ï¸ ğŸš¨,Encuestas WhatsApp,Media,2023-03-19T12:10,,,
178,Â¿CuÃ¡l fue el origen geogrÃ¡fico de la invenciÃ³n de la rueda? ğŸ’¡ğŸ›ğŸ§­ ğŸš¨,Encuestas WhatsApp,Media,2023-03-19T12:13,,,
179,"Burger King a la parrilla desde ""...."" ğŸ”ğŸš¨",Encuestas WhatsApp,Media,2023-03-20T08:49,,,
180,"ATENCIÃ“N PREGUNTA #14: Â¿CuÃ¡l es el significado de la palabra ""sesquipedalofobia""? ğŸ˜¨ğŸ˜± ğŸš¨",Encuestas WhatsApp,Media,2023-03-21T09:02,,,
181,RESPECTO AL FUNCIONAMIENTO Y GESTIÃ“N DE LAS PREGUNTAS DIARIAS:,Encuestas WhatsApp,Media,2023-03-21T15:30,,,
182,RESPECTO AL FUNCIONAMIENTO Y GESTIÃ“N DE LAS PREGUNTAS DIARIAS a raiz del descontento generalizado...,Encuestas WhatsApp,Media,2023-03-21T15:38,,,
183,ğŸ­ ATENCIÃ“N PREGUNTA ğŸ­ BONUS ğŸ­: Â¿A quÃ© se refiere el octanaje de la gasolina? â›½ ğŸ­ğŸš¨,Encuestas WhatsApp,Media,2023-03-21T16:21,,,
184,empezÃ¡is todos los dÃ­as con la misma palabra?,Encuestas WhatsApp,Media,2023-03-22T08:54,,,
185,"Â¿CuÃ¡l o cuÃ¡les de las siguientes marcas NO son filiales de la empresa ""LVMH""? ğŸ¤‘ğŸ¥»ğŸ€ğŸ‘”ğŸ·ï¸ğŸš¨",Encuestas WhatsApp,Media,2023-03-22T09:03,,,
186,"Â¿CuÃ¡ntos kilÃ³metros tiene el camino de Santiago ""aproximadamente""? (El mÃ¡s largo) ğŸ›£ï¸ğŸšğŸš¶ğŸ½â€â™‚ï¸ ğŸš¨",Encuestas WhatsApp,Media,2023-03-23T09:22,,,
187,Â¿CuÃ¡l o cuÃ¡les de los siguientes estados de Estados Unidos tienen una superficie(mÂ²) mayor a EspaÃ±a? ğŸ‡ºğŸ‡¸ > ğŸ‡ªğŸ‡¸ ğŸš¨,Encuestas WhatsApp,Media,2023-03-24T05:26,,,
188,Â¿CuÃ¡ntos tipos de glÃ¡ndulas sudorÃ­paras hay en el cuerpo humano? ğŸ¥µğŸ¥µğŸ¥µ ğŸš¨,Encuestas WhatsApp,Media,2023-03-25T08:11,,,
189,"El otro dÃ­a aprendimos que existen dos glÃ¡ndulas sudorÃ­paras, Las Apocrinas y Las Ecrinas, peeeero... Â¿CuÃ¡les son las que producen un olor desagradable? ğŸ¥µğŸ‘ƒğŸ¤¢ ğŸš¨",Encuestas WhatsApp,Media,2023-03-26T14:38,,,
190,Â¿CuÃ¡l de los siguientes elementos quÃ­micos es mÃ¡s ligero? ğŸª¶ ğŸš¨,Encuestas WhatsApp,Media,2023-03-26T14:39,,,
191,Â¿QuÃ© animal es el Ãºnico que no puede saltar de forma natural? ğŸš§ ğŸš¨,Encuestas WhatsApp,Media,2023-03-26T14:40,,,
192,LAS CEBRAS SON... ğŸ¦“ ğŸš¨,Encuestas WhatsApp,Media,2023-03-26T14:41,,,
193,"Â¿CuÃ¡l es la distancia exacta desde la Tierra hasta la estrella mÃ¡s cercana a nuestro sistema solar, Proxima Centauri? ğŸŒğŸ”›ğŸŒŸ ğŸš¨",Encuestas WhatsApp,Media,2023-03-26T14:47,,,
194,Â¿CuÃ¡l es el Ã¡rbol mÃ¡s antiguo del mundo? ğŸŒ²ğŸ‘´ğŸ½ ğŸš¨,Encuestas WhatsApp,Media,2023-03-27T07:32,,,
195,"La regla general dice que cualquier extranjero que haya vivido en EspaÃ±a con su permiso de residencia ininterrumpidamente durante ""......."" podrÃ¡ obtener la ciudadanÃ­a espaÃ±ola por residencia. ğŸ‡²ğŸ‡¦ğŸ”ªğŸ‡ªğŸ‡¸... ğŸš¨",Encuestas WhatsApp,Media,2023-03-28T09:18,,,
196,"ATENCIÃ“N PREGUNTA #27: Â¿CuÃ¡l fue el orden cronolÃ³gico correcto de los filÃ³sofos griegos SÃ³crates, PlatÃ³n y AristÃ³teles en relaciÃ³n a sus fechas de nacimiento? ğŸ£ğŸ—£ï¸ğŸ’­ ğŸš¨",Encuestas WhatsApp,Media,2023-03-29T08:47,,,
197,Mujeres,Encuestas WhatsApp,Media,2023-03-29T16:06,,,
198,*BEREAL DIARIO*,Encuestas WhatsApp,Media,2023-03-29T16:55,,,
199,SI ACIERTAS LA HORA EXACTA,Encuestas WhatsApp,Media,2023-03-29T17:12,,,
200,ATENCIÃ“N PREGUNTA #28: Â¿CuÃ¡l fue el primer animal en ser enviado al espacio? ğŸš€ğŸŒŒ ğŸš¨,Encuestas WhatsApp,Media,2023-03-30T09:23,,,
201,*me voy a la lambeta con la superprimi?*,Encuestas WhatsApp,Media,2023-03-30T09:51,,,
202,Hago el reconocimiento mÃ©dico del trabajo?ğŸ˜ğŸ¥µğŸ˜®,Encuestas WhatsApp,Media,2023-03-30T10:37,,,
203,ATENCIÃ“N PREGUNTA ğŸ­ BONUS ğŸ­: Â¿CuÃ¡l o cuÃ¡les de estos paÃses de AmÃ©rica del Sur NO comparten frontera con Brasil? âŒğŸ«‚ğŸ‡§ğŸ‡· ğŸš¨,Encuestas WhatsApp,Media,2023-03-30T16:20,,,
204,Cuantas copas lleva nuestra querida rorri?,Encuestas WhatsApp,Media,2023-03-30T22:36,,,
205,"Â¿CuÃ¡ntas camisetas se pusÃ³ ""TED HASTINGS"" el dia que batiÃ³ el Record Guiness de mÃ¡s camisetas puestas al mismo tiempo? ğŸ‘•ğŸ†ğŸ‰ ğŸš¨",Encuestas WhatsApp,Media,2023-03-31T08:28,,,
206,APOCALIPSI (ultimas),Encuestas WhatsApp,Media,2023-03-31T08:37,,,
207,APOCALIPSI (1Âª tanda),Encuestas WhatsApp,Media,2023-03-31T08:42,,,
208,Te cruzas a un conocido por la calle,Encuestas WhatsApp,Media,2023-03-31T20:25,,,
209,ATENCIÃ“N PREGUNTA #30: Â¿CÃ³mo se apellida Phineas de Phineas y Ferb? ğŸ§‘ğŸ»â€ğŸ¦°ğŸ“ğŸ› ï¸ ğŸš¨,Encuestas WhatsApp,Media,2023-04-01T12:40,,,
210,Tortellini,Encuestas WhatsApp,Media,2023-04-01T20:23,,,
211,Mueve el culo ğŸ‘ y gorağŸ™Œ ...,Encuestas WhatsApp,Media,2023-04-01T21:26,,,
212,Â¿CuÃ¡l es la diferencia entre un huracÃ¡n y un tifÃ³n? ğŸŒ¬ï¸ğŸƒğŸšï¸ ğŸš¨,Encuestas WhatsApp,Media,2023-04-02T10:19,,,
213,"Â¿CuÃ¡l de los siguientes escritores NO es considerado parte del movimiento literario conocido como ""La GeneraciÃ³n del 27""? âŒâœï¸2ï¸âƒ£7ï¸âƒ£âŒ ğŸš¨",Encuestas WhatsApp,Media,2023-04-02T10:21,,,
214,"Â¿En quÃ© aÃ±o se comenzÃ³ la famosa pintura de Leonardo da Vinci, ""La Ãšltima Cena""? ğŸ½ï¸ğŸ½ï¸ğŸ½ï¸ğŸ½ï¸ğŸ½ï¸ğŸ½ï¸ğŸ½ï¸ğŸ½ï¸ğŸ½ï¸ğŸ½ï¸ğŸ½ï¸ğŸ½ï¸ ğŸš¨",Encuestas WhatsApp,Media,2023-04-02T10:22,,,
215,"Â¿Cual o Cuales de las siguientes palabras se ha sacado ""Espi"" de la manga? ğŸ¤­ ğŸš¨",Encuestas WhatsApp,Media,2023-04-02T10:25,,,
216,"Â¿CuÃ¡l es la medida de una cama tamaÃ±o ""King Size"" en la mayorÃ­a de los paÃ­ses de habla hispana? ğŸ›ï¸ğŸ‘‘ ğŸš¨",Encuestas WhatsApp,Media,2023-04-02T10:29,,,
217,Â¿QuÃ© artista ganÃ³ el premio Grammy al Ãlbum del AÃ±o en la ceremonia de 2021? ğŸ™ï¸ğŸ† ğŸš¨,Encuestas WhatsApp,Media,2023-04-03T09:58,,,
218,Â¿CuÃ¡l fue el primer mensaje transmitido por radio a larga distancia? ğŸ—£ï¸ğŸ“»                            ğŸ§ğŸ½ ğŸš¨,Encuestas WhatsApp,Media,2023-04-04T09:44,,,
219,"Todos conocemos el termino ""METER A GÃœIRO""... peroooo Â¿QuÃ© significa? ğŸ˜³ğŸ˜ˆğŸ™ˆ ğŸš¨",Encuestas WhatsApp,Media,2023-04-05T10:12,,,
220,Â¿QuÃ© compuesto quÃ­mico es responsable del olor caracterÃ­stico de la lluvia despuÃ©s de una sequÃ­a prolongada? ğŸš¨,Encuestas WhatsApp,Media,2023-04-07T21:56,,,
221,Â¿CuÃ¡l de estos animales acuÃ¡ticos es el mÃ¡s rÃ¡pido? ğŸ ğŸ’¨ ğŸš¨,Encuestas WhatsApp,Media,2023-04-08T17:50,,,
222,Â¿CuÃ¡l fue el resultado de la Batalla de Stalingrado durante la Segunda Guerra Mundial? ğŸª–âš”ï¸ğŸª– ğŸš¨,Encuestas WhatsApp,Media,2023-04-08T17:51,,,
223,Â¿CuÃ¡l es la teorÃ­a mÃ¡s aceptada sobre la formaciÃ³n de los agujeros negros? ğŸ’«ğŸ•³ï¸âœ¨ ğŸš¨,Encuestas WhatsApp,Media,2023-04-08T17:51,,,
224,Â¿CuÃ¡l es el material mÃ¡s fuerte del mundo? ğŸ’ªğŸŒ ğŸš¨,Encuestas WhatsApp,Media,2023-04-08T17:52,,,
225,Â¿CuÃ¡l es la razÃ³n PRINCIPAL detrÃ¡s de la disminuciÃ³n de la poblaciÃ³n de abejas en todo el mundo? ğŸâ˜ ï¸ ğŸš¨,Encuestas WhatsApp,Media,2023-04-08T17:53,,,
226,"Si Usain Bolt tarda 9,58 segundos en recorrer 100 metros, Â¿CuÃ¡nto tardarÃ¡ en recorrer un hectÃ³metro? â›³    ğŸƒğŸ¿ğŸ’¨  ğŸš¨",Encuestas WhatsApp,Media,2023-04-09T16:13,,,
227,Si le vas a decir a alguien que es tu peor enemigo hazlo bien y dile que es tu.... ğŸ˜¤ğŸ˜ ğŸ˜¡ ğŸš¨,Encuestas WhatsApp,Media,2023-04-10T09:14,,,
228,...... gorgorito,Encuestas WhatsApp,Media,2023-04-10T15:20,,,
229,Â¿CuÃ¡l es la capa de la uÃ±a que proporciona la fuerza y la protecciÃ³n para la uÃ±a? ğŸ’…ğŸ½ğŸ›¡ï¸            ğŸ’¥ğŸ”«  ğŸš¨,Encuestas WhatsApp,Media,2023-04-11T09:21,,,
230,Jamon,Encuestas WhatsApp,Media,2023-04-11T10:27,,,
231,PUNTO A BABU,Encuestas WhatsApp,Media,2023-04-11T20:49,,,
232,Â¿CuÃ¡l es la causa PRINCIPAL de que las palomitas de maÃ­z exploten al calentarse? ğŸ¿ğŸ’¥ ğŸš¨,Encuestas WhatsApp,Media,2023-04-12T10:51,,,
233,ATENCIÃ“N PREGUNTA ğŸ­ BONUS ğŸ­: Â¿QuÃ© paÃ­s/territorio tiene la moneda mÃ¡s cara del mundo? ğŸ¤‘ğŸ¤‘ğŸ¤‘ğŸª™ğŸª™ğŸª™ğŸª™ ğŸš¨,Encuestas WhatsApp,Media,2023-04-12T16:07,,,
234,"mi amor, a las dos paso a x ti",Encuestas WhatsApp,Media,2023-04-12T23:31,,,
235,Â¿CuÃ¡l es la estructura celular que se encarga de la producciÃ³n de energÃ­a en las cÃ©lulas eucariotas? ğŸ¦ ğŸ¦ ğŸ¦ ğŸ¦ ğŸ¦ ğŸ¦ ğŸ¥¼ğŸ¥¼ğŸ¥¼ğŸ¥¼ğŸ¥¼ ğŸš¨,Encuestas WhatsApp,Media,2023-04-13T09:00,,,
236,Â¿CuÃ¡l de los siguientes planetas tiene la temperatura mÃ¡s alta en su superficie? ğŸ« ğŸ« ğŸ« ğŸš¨,Encuestas WhatsApp,Media,2023-04-13T09:01,,,
237,Â¿En que articulo de la constitucion espaÃ±ola se regula la libertad de expresion? ğŸ—£ï¸ ğŸ‘  ğŸš¨,Encuestas WhatsApp,Media,2023-04-13T09:02,,,
238,Una golondrina no hace... ğŸ•Šï¸ğŸ‘ ğŸš¨,Encuestas WhatsApp,Media,2023-04-13T09:03,,,
239,Â¿CÃ³mo se llama la parte del cuerpo donde se juntan dos o mÃ¡s huesos? ğŸ¦´ğŸ§²ğŸ¦´ ğŸš¨,Encuestas WhatsApp,Media,2023-04-13T09:04,,,
240,Â¿CuÃ¡l es la estructura cerebral responsable del control del movimiento y la coordinaciÃ³n muscular? ğŸ¬ğŸ’ª ğŸš¨,Encuestas WhatsApp,Media,2023-04-13T09:08,,,
241,Â¿CÃ³mo se llama el efecto que produce el arcoÃ­ris? ğŸŒˆğŸŒˆğŸŒˆğŸŒˆ ğŸš¨,Encuestas WhatsApp,Media,2023-04-13T09:11,,,
242,Cul es la canciÃ³n mÃ¡s escuchadas de un verano sin ti...,Encuestas WhatsApp,Media,2023-04-13T10:07,,,
243,"LA ""ManÃ¡ - Labios Compartidos Â¿Reference/Sample/Cita/Reprise?""",Encuestas WhatsApp,Media,2023-04-13T18:38,,,
244,Â¿Cuantas habitaciones tiene vuestra casa [contando el salon (la cocina y el/los baÃ±os no son habitaciones)]?,Encuestas WhatsApp,Media,2023-04-13T22:38,,,
245,*ATENCIÃ“N PREGUNTA: Betzini se encuentra en medio de su examen de Historia de EspaÃ±a cuando de repente... Â¡SE QUEDA SIN TINTA! Â¿CuÃ¡nto ha usado Betzini su bolÃ­grafo _Bic_ para que esto haya ocurrido?* ğŸš¨,Encuestas WhatsApp,Media,2023-04-14T08:42,,,
246,this song?,Encuestas WhatsApp,Media,2023-04-14T08:58,,,
247,Ceky Vicini(xd) -,Encuestas WhatsApp,Media,2023-04-14T09:09,,,
248,*PARA LA PREGUNTA DE MAÃ‘ANA...*,Encuestas WhatsApp,Media,2023-04-14T20:26,,,
249,"*ATENCIÃ“N PREGUNTA: En el universo DC Comics, Â¿cuÃ¡l es el alias del siguiente personaje? ğŸ¹* ğŸš¨",Encuestas WhatsApp,Media,2023-04-15T11:30,,,
250,*ATENCIÃ“N PREGUNTA: Se entiende por ... laÂ ingestiÃ³n voluntaria de heces* ğŸš¨,Encuestas WhatsApp,Media,2023-04-15T15:01,,,
251,"*ATENCIÃ“N PREGUNTA: Debido a su alto coeficiente intelectual, Deividinho inventa una mÃ¡quina del tiempo y viaja al pasado. Tras mucho tiempo allÃ­, le apetece ""echar un kiki"". Â¿CuÃ¡l de los siguientes antiguos ""mÃ©todos anticonceptivos"" no existÃ­a?* ğŸš¨",Encuestas WhatsApp,Media,2023-04-16T10:19,,,
252,*PARA LA PREGUNTA DE MAÃ‘ANA... ğŸ¤”*,Encuestas WhatsApp,Media,2023-04-16T22:47,,,
253,*ATENCIÃ“N PREGUNTA: Â¿DÃ³nde fue lanzado mÃ¡s tarde el famoso videojuego Tetris?* ğŸš¨,Encuestas WhatsApp,Media,2023-04-17T07:36,,,
254,*ATENCIÃ“N PREGUNTA: Â¿DÃ³nde se usÃ³ por primera vez la silla elÃ©ctrica como mÃ©todo de ejecuciÃ³n?* ğŸš¨,Encuestas WhatsApp,Media,2023-04-17T07:37,,,
255,"*ATENCIÃ“N PREGUNTA: En el PaleolÃ­tico Medio encontrabamos grupos de Homo neanderthalensis (Neandertales) en la PenÃ­nsula IbÃ©rica, Â¿dÃ³nde habitaron los Ãºltimos grupos antes de su extinciÃ³n?* ğŸš¨",Encuestas WhatsApp,Media,2023-04-17T07:38,,,
256,*ATENCIÃ“N PREGUNTA: Â¿DÃ³nde entramos menos vitamina D?* ğŸš¨,Encuestas WhatsApp,Media,2023-04-17T07:39,,,
257,*ATENCIÃ“N PREGUNTA: Â¿DÃ³nde muriÃ³ el pequeÃ±o Bobby Johnson?* ğŸ‘¶ğŸ»ğŸ•Šï¸ğŸš¨,Encuestas WhatsApp,Media,2023-04-17T07:40,,,
258,*ATENCIÃ“N PREGUNTA: Â¿CuÃ¡ntos poemas contiene el Romancero Gitano?* âœğŸ¼ ğŸš¨,Encuestas WhatsApp,Media,2023-04-18T09:20,,,
259,*ATENCIÃ“N PREGUNTA: Â¿CuÃ¡l de estas localidades de nuestro paÃ­s me acabo de sacar de la manga?*ğŸš¨,Encuestas WhatsApp,Media,2023-04-19T09:10,,,
260,*ATENCIÃ“N PREGUNTA: Â¿QuÃ© actividad realizaba de pequeÃ±o Mauricio Colmenero?* ğŸš¨,Encuestas WhatsApp,Media,2023-04-20T08:29,,,
261,ğŸ¤¢ğŸ‘,Encuestas WhatsApp,Media,2023-04-20T09:42,,,
262,"Hoy se cumplen 5 aÃ±os de la publicaciÃ³n del reconocido album de c.tangana ""Avida dollars"". CanciÃ³n favorita!?",Encuestas WhatsApp,Media,2023-04-20T12:26,,,
263,ğŸ‘ o ğŸ‘,Encuestas WhatsApp,Media,2023-04-20T15:07,,,
264,*ATENCIÃ“N PREGUNTA: El suplicio de TÃ¡ntalo es...* ğŸš¨,Encuestas WhatsApp,Media,2023-04-21T08:23,,,
265,Como es la marca:,Encuestas WhatsApp,Media,2023-04-21T11:20,,,
266,*ATENCIÃ“N PREGUNTA: Â¿CuÃ¡l fue el castigo de IxiÃ³n?* ğŸš¨,Encuestas WhatsApp,Media,2023-04-22T10:44,,,
267,ğŸš¨ğŸš¨ğŸš¨ğŸš¨ğŸš¨ğŸš¨ğŸš¨ğŸš¨ğŸš¨,Encuestas WhatsApp,Media,2023-04-22T14:18,,,
268,*ATENCIÃ“N PREGUNTA: Polaris - Saiko cuenta con...* ğŸš¨,Encuestas WhatsApp,Media,2023-04-23T10:34,,,
269,*ATENCIÃ“N PREGUNTA: Â¿Con cuÃ¡ntas canciones cuenta YHLQMDLG?* ğŸš¨,Encuestas WhatsApp,Media,2023-04-23T10:35,,,
270,"*ATENCIÃ“N PREGUNTA: Hace dos dÃ­as entro una canciÃ³n al Billions Club, Â¿cuÃ¡l es esta?* ğŸš¨",Encuestas WhatsApp,Media,2023-04-23T10:36,,,
271,*ATENCIÃ“N PREGUNTA: Â¿QuÃ© canciÃ³n estÃ¡ mÃ¡s arriba en el Top 50: Global?* ğŸš¨,Encuestas WhatsApp,Media,2023-04-23T10:37,,,
272,"*ATENCIÃ“N PREGUNTA: Â¿QuÃ© dÃ­a saliÃ³ Shakira: Bzrp Music Sessions, Vol.53?* ğŸš¨",Encuestas WhatsApp,Media,2023-04-23T10:38,,,
273,Prefeririais ser,Encuestas WhatsApp,Media,2023-04-24T00:37,,,
274,Ab?,Encuestas WhatsApp,Media,2023-04-24T21:41,,,
275,*ATENCIÃ“N PREGUNTA #1 CuÃ¡l de las siguientes opciones es CORRECTA sobre la relaciÃ³n histÃ³rica entre Navarra y AragÃ³n?*,Encuestas WhatsApp,Media,2023-04-25T08:15,,,
276,AtenciÃ³n pregunta! QuiÃ©n es mÃ¡s gitano?,Encuestas WhatsApp,Media,2023-04-25T14:59,,,
277,"*ATENCIÃ“N PREGUNTA: Las pelÃ­culas Disney son conocidas por ser conmovedoras, divertidas y, la gran mayorÃ­a, muy musicales pero... Â¿cuÃ¡l de las siguientes pelÃ­culas tiene MÃS NÃšMEROS MUSICALES (tanto cantados como instrumentales)?* ğŸš¨",Encuestas WhatsApp,Media,2023-04-26T08:03,,,
278,Â¿LAS PERSONAS CAMBIAN?,Encuestas WhatsApp,Media,2023-04-26T17:37,,,
279,ATENCION PREGUNTAğŸš¨Convierta el nÃºmero Decimal 155 en Hexadecimal.,Encuestas WhatsApp,Media,2023-04-27T08:16,,,
280,*ATENCIÃ“N PREGUNTA* ğŸš¨ *Â¿Quien gano el mundial de ajedrez en el aÃ±o 1981?*â™Ÿï¸,Encuestas WhatsApp,Media,2023-04-30T08:56,,,
281,*ATENCIÃ“N PREGUNTA* ğŸš¨ *CuÃ¡nto peso el mango ğŸ¥­ mas grande del mundo?*,Encuestas WhatsApp,Media,2023-04-30T08:57,,,
282,*ATENCIÃ“N PREGUNTA* ğŸš¨ *Â¿Cuantos kilÃ³metros tiene la caminata mÃ¡s larga que se puede realizar andando?*,Encuestas WhatsApp,Media,2023-04-30T08:58,,,
283,*ATENCIÃ“N PREGUNTA* ğŸš¨ *Â¿Cual de las siguientes especies se extinguiÃ³ hace mÃ¡s de 100 aÃ±os?*â˜ ï¸,Encuestas WhatsApp,Media,2023-04-30T09:00,,,
284,"ATENCIÃ“N PREGUNTA ğŸš¨ Como muchos sabrÃ©is, pertenezco a la mejor y mÃ¡s mÃ­stica tierra que existe, asÃ­ que para que la conozcÃ¡is un poco mejor vais a seÃ±alarme CUAL de las siguientes afirmaciones sobre GALICIA es FALSA:",Encuestas WhatsApp,Media,2023-05-01T08:06,,,
285,ATENCIÃ“N PREGUNTAğŸš¨ Â¿CuÃ¡l fue el tema de la MET GALA en 2018 y quiÃ©nes fueron los anfitriones?,Encuestas WhatsApp,Media,2023-05-02T11:21,,,
286,Resulta que el 3 de mayo es un dÃ­a especial ğŸ¥°en el que se festeja(n) Â¿cuÃ¡l o cuÃ¡les de los siguientes dÃ­as internacionales/mundiales? ğŸ¤”ğŸŒğŸ¥³,Encuestas WhatsApp,Media,2023-05-03T07:48,,,
287,*ATENCION PREGUNTAÂ¡!Â¡!* SegÃºn su fase de vida Â¿ Que tipo de estrella es el sol actualmente?,Encuestas WhatsApp,Media,2023-05-04T06:47,,,
288,AtenciÃ³n pregunta q me hago en la cabeza,Encuestas WhatsApp,Media,2023-05-05T18:08,,,
289,*ATENCIÃ“N PREGUNTA: Â¿CuÃ¡l o cuÃ¡les de las siguientes afirmaciones son verdaderas sobre LA CUARTA DIMENSIÃ“N?* ğŸš¨,Encuestas WhatsApp,Media,2023-05-08T07:49,,,
290,*ESTHER...*,Encuestas WhatsApp,Media,2023-05-08T17:46,,,
291,-1 betzini por esta basura,Encuestas WhatsApp,Media,2023-05-08T17:47,,,
292,*GOOGLEAR*,Encuestas WhatsApp,Media,2023-05-08T17:55,,,
293,*ATENCION PREGUNTA*ğŸš¨           Â¿De cual o cuÃ¡les de estos vegetales nos comemos la raÃ­z?,Encuestas WhatsApp,Media,2023-05-10T09:27,,,
294,ğŸ­ğŸ­ğŸ†* PREGUNTA BONUS* ğŸ†ğŸ­ğŸ­ğŸš¨                                               Â¿*CUALES* de estos equipos consiguieron conquistar tambiÃ©n la Recopa de Europa?,Encuestas WhatsApp,Media,2023-05-10T16:11,,,
295,Donde se encontrÃ³ y como de grande (de altura) es la amatista mas grande del mundo?,Encuestas WhatsApp,Media,2023-05-11T08:26,,,
296,ATENCIÃ“N PREGUNTAğŸš¨ Que dato es falso en el Mundial de FÃºtbol 1966,Encuestas WhatsApp,Media,2023-05-12T11:59,,,
297,"ğŸ—£ï¸ğŸ§ *ATENCIÃ“N CHIQUIENCUESTA SIN RESPUESTA*: Â¿Favorita de ""LAGRIMAS PA OTRO DIA"" - DELLFAFUENTE? ğŸ§ğŸ—£ï¸",Encuestas WhatsApp,Media,2023-05-12T18:52,,,
298,ATENCIÃ“N PREGUNTAğŸš¨ Â¿CuÃ¡l es el Ãºnico planeta que gira en el sentido a las agujas del reloj?,Encuestas WhatsApp,Media,2023-05-13T05:37,,,
299,Â¿Hoy tierra? ğŸŒ¯,Encuestas WhatsApp,Media,2023-05-13T13:24,,,
300,ğŸ—£ *CHIQUIENCUESTA SIN RESPUESTA:* Â¿Vuestras familias (yayos sobretodo o inclusive ustedes) dicen/decÃ­s: ....?,Encuestas WhatsApp,Media,2023-05-13T15:03,,,
301,ATENCIÃ“N PREGUNTA ğŸš¨ Â¿CUÃL DE LOS SIGUIENTES DATOS SOBRE LOS T-REX ES FALSO?,Encuestas WhatsApp,Media,2023-05-14T11:05,,,
302,ATENCIÃ“N PREGUNTA BONUS ğŸš¨ SACAD VUESTRAS CALCULADORAS.  Â¿CUÃL ES EL GASTO QUE INÃ‰S DEBERÃ IMPUTAR COMO GASTO DEDUCIBLE POR LA COMPRA DE LA MESA DE MEZCLAS?,Encuestas WhatsApp,Media,2023-05-14T13:34,,,
303,PuntuaciÃ³n,Encuestas WhatsApp,Media,2023-05-14T14:26,,,
304,???,Encuestas WhatsApp,Media,2023-05-14T17:50,,,
305,??,Encuestas WhatsApp,Media,2023-05-14T18:20,,,
306,te comerÃ­as el plÃ¡tano de esther?,Encuestas WhatsApp,Media,2023-05-14T18:25,,,
307,MÃ¡s top ahora mismo,Encuestas WhatsApp,Media,2023-05-14T23:19,,,
308,"Que prefieres, tu que me entiendes",Encuestas WhatsApp,Media,2023-05-14T23:30,,,
309,"Tu que me entiende, que prediere",Encuestas WhatsApp,Media,2023-05-14T23:31,,,
310,*!atenciÃ³n pregunta!* CuÃ¡l es la comida favorita de Shrek y Fiona?,Encuestas WhatsApp,Media,2023-05-15T14:04,,,
311,SegÃºn la Real Academia EspaÃ±ola Â¿CuÃ¡l es el plural de SofÃ¡? ğŸ›‹ï¸x2 ğŸš¨,Encuestas WhatsApp,Media,2023-05-16T10:19,,,
312,Â¿QuÃ© canciÃ³n de los Gipsy Kings cuenta con mÃ¡s reproducciones en Spotify? (Si alguien necesita escuchar alguna porque no cae por el nombre que me lo pida) ğŸ¸ğŸ¸ğŸ¸ğŸ¸ğŸ’ƒğŸ½ğŸ’ƒğŸ½ğŸ’ƒğŸ½ğŸ‡ªğŸ‡¸ğŸ‡ªğŸ‡¸ğŸ¦©ğŸ¦©ğŸ¦©ğŸš¨,Encuestas WhatsApp,Media,2023-05-16T10:20,,,
313,Â¿QuÃ© porcentaje (aproximado) de la poblaciÃ³n mundial vive en ciudades?  ğŸ™ï¸ğŸŒ†ğŸ™ï¸ğŸŒ†ğŸ™ï¸ğŸš¨,Encuestas WhatsApp,Media,2023-05-16T10:21,,,
314,"Â¿QuÃ© significa el prefijo ""iso""? ğŸ—£ï¸ğŸ”™ ğŸš¨",Encuestas WhatsApp,Media,2023-05-16T10:22,,,
315,Â¿CuÃ¡les de las siguientes opciones son los tipos de expresiÃ³n artÃ­stica? ğŸ­ğŸ¨ğŸ–¼ï¸ğŸ‘©ğŸ½â€ğŸ¤ğŸ‘¨ğŸ½â€ğŸ¨ğŸ¤ğŸ–Œï¸ğŸš¨,Encuestas WhatsApp,Media,2023-05-16T10:24,,,
316,ATENCIÃ“N PODIOS: PARA EL DESEMAPTE âš”ï¸ ğŸ¥‡ğŸ¥ˆğŸ¥‰ âš”ï¸ ğŸš¨,Encuestas WhatsApp,Media,2023-05-17T09:19,,,
317,(No cuenta para nota) ğŸš¨ ATENCIÃ“N PREGUNTA: Â¿LLEVA JAVIBU LOS MISMOS CALCETINITOS HOY? ğŸ¥¹ğŸ˜³ğŸ¥µğŸ§¦ ğŸš¨,Encuestas WhatsApp,Media,2023-05-18T08:51,,,
318,Mejor jersey club canciÃ³n (uh uh .. uh uh uh uh) ğŸ•ºğŸ‘¯â€â™‚ï¸ğŸ•ºğŸ‘¯â€â™‚ï¸ğŸ•ºğŸ‘¯â€â™‚ï¸ğŸ‘¯â€â™‚ï¸,Encuestas WhatsApp,Media,2023-05-19T11:04,,,
319,*Altura âœ‹*,Encuestas WhatsApp,Media,2023-05-21T15:12,,,
320,*PESO* ğŸ‹ğŸ½,Encuestas WhatsApp,Media,2023-05-21T15:13,,,
321,Â¿CÃ“MO SE LLAMABA LA PERRITA MIMADA QUE SE PERDIÃ“ ACCIDENTALMENTE  EN UN CHIHUAHUA DE BEVERLY HILLS? ğŸ©ğŸ˜” ğŸš¨,Encuestas WhatsApp,Media,2023-05-22T14:45,,,
322,AtenciÃ³n preguntağŸš¨ quiÃ©n subraya los apuntes con regla?,Encuestas WhatsApp,Media,2023-05-22T17:45,,,
323,Â¿CuÃ¡l de los siguientes elementos es esencial para la sÃ­ntesis de hemoglobina en el cuerpo humano? ğŸšğŸŒ¬ğŸ©¸ ğŸš¨,Encuestas WhatsApp,Media,2023-05-23T09:22,,,
324,quien esta mÃ¡s jodido con 17 aÃ±os,Encuestas WhatsApp,Media,2023-05-23T22:41,,,
325,"Tras documentarse, llegÃ³ a la conclusiÃ³n de que... Â¿es algo normal y con explicaciÃ³n o no? ğŸš¨",Encuestas WhatsApp,Media,2023-05-24T08:14,,,
326,AtenciÃ³n PreguntağŸš¨Respecto al mapa que envÃ­e antes...Que porcentaje de julais hay realmente en espaÃ±a?,Encuestas WhatsApp,Media,2023-05-25T15:19,,,
327,Â¿CuÃ¡l es el proceso mediante el cual se forma una estrella? ğŸ‘¨ğŸ½â€ğŸ³ğŸŒŸ ğŸš¨,Encuestas WhatsApp,Media,2023-05-28T12:21,,,
328,Â¿Juzgais una canciÃ³n por la portada?,Encuestas WhatsApp,Media,2023-05-28T18:22,,,
329,*ATENCIÃ“N PREGUNTA: Â¿QuÃ© significan las siglas SIDA?* ğŸš¨,Encuestas WhatsApp,Media,2023-05-29T10:05,,,
330,Â¿LambiÃ³ Betsini en su graduaciÃ³n?,Encuestas WhatsApp,Media,2023-05-29T10:08,,,
331,Â¿CuÃ¡l de los siguientes paises es el que cuenta con un mayor numero de rascacielos? ğŸ™ğŸ—¼ğŸŒ«ğŸŒ«ğŸ‘‹ ğŸš¨,Encuestas WhatsApp,Media,2023-05-30T08:02,,,
332,"Aprovechando la fecha mando una que tenÃ­a guardadita ğŸ«´.... ğŸš¨ ATENCIÃ“N PREGUNTA: SegÃºn un estudio de ""epdata"" del aÃ±o pasado... Â¿QuÃ© porcentaje (el mas aproximado) de la poblacion EspaÃ±ola afirma fumar a diario? ğŸ˜¶â€ğŸŒ«ï¸ğŸ˜¶â€ğŸŒ«ï¸ğŸ˜¶â€ğŸŒ«ï¸ğŸ˜¶â€ğŸŒ«ï¸ğŸ˜¶â€ğŸŒ«ï¸ğŸ˜¶â€ğŸŒ«ï¸ ğŸš¨",Encuestas WhatsApp,Media,2023-05-31T14:42,,,
333,"Uno de los siguientes planetas tiene una muy densa atmÃ³sfera, llena de diÃ³xido de carbono, quÃ© provoca el efecto invernadero, y de nubes compuestas de Ã¡cido sulfÃºrico. Los gases atrapan el calor y lo mantienen bien calentito Â¿CuÃ¡l? ğŸ¥µğŸš¨",Encuestas WhatsApp,Media,2023-06-04T11:57,,,
334,sabÃ©is lo que es una aulaga ?,Encuestas WhatsApp,Media,2023-06-04T19:46,,,
335,Llega el veranito: ğŸš¨ ATENCIÃ“N PREGUNTA: Â¿CuÃ¡l de las siguientes opciones describe correctamente el fenÃ³meno conocido como solsticio de verano? ğŸŒâ›±ï¸ğŸŒ… ğŸš¨,Encuestas WhatsApp,Media,2023-06-05T08:50,,,
336,ğŸ—³ *ATENCIÃ“N VOTACIÃ“N OFICIAL PARA LA PROXIMA TEMPORADA DE ATPR* ğŸ—³ ğŸš¨,Encuestas WhatsApp,Media,2023-06-05T19:47,,,
337,"AtenciÃ³n pregunta, Jorge se para o no?",Encuestas WhatsApp,Media,2023-06-09T14:48,,,
338,"Bueno chicos, como me encuentro actualmente en la recta final del TFM y no quiero salir del mood 100cia, voy a preguntaros a ver si sabÃ©is cual de los siguientes es el principio de la experimentaciÃ³n animal (preclinica) ğŸ‡ğŸ¦†ğŸ¸ğŸ±ğŸ°ğŸ¹",Encuestas WhatsApp,Media,2023-06-12T08:35,,,
339,ğŸ· Â¿CuÃ¡l es mejor Nickname? ğŸ·,Encuestas WhatsApp,Media,2023-06-12T13:09,,,
340,*ATENCION PREGUNTA SIMPLE* â€¼ï¸ *Â¿CuÃ¡l es el animal con el veneno mÃ¡s potente del mundo?*,Encuestas WhatsApp,Media,2023-06-13T09:09,,,
341,"ATENCIÃ“N PREGUNTAğŸš¨ En un modelo del sistema solar a escala 1:20 millones, donde el sol mediria en diÃ¡metro 70m, Â¿Que diÃ¡metro tendrÃ­a el planeta Mercurio?",Encuestas WhatsApp,Media,2023-06-14T06:37,,,
342,"BONUSğŸš¨â€¼ï¸ğŸ¤¯ğŸ‘Š En ese mismo modelo a escala, Â¿a quÃ© distancia en Km se encontrarÃ­a el Ãºltimo planeta del sistema solar, Neptuno? (Es un tema aÃºn en disputa pero no consideraremos PlutÃ³n a efectos de esta pregunta)",Encuestas WhatsApp,Media,2023-06-14T06:44,,,
343,Talla favorita de pies,Encuestas WhatsApp,Media,2023-06-14T20:55,,,
344,con quien os casÃ¡is,Encuestas WhatsApp,Media,2023-06-14T23:18,,,
345,"AYUDAAAA! Epi no puede ver el nÃºmero que llevaba ""Chick Hicks"" por culpa de esos ""BooMemes"" en la pelÃ­cula Cars (el coche verde, favorito de Velibu quiero yo deducir... ahora que lo pienso...)! Â¿Podrias ayudarle? ğŸï¸ğŸ’š ğŸš¨",Encuestas WhatsApp,Media,2023-06-15T08:46,,,
346,Pfffrrr,Encuestas WhatsApp,Media,2023-06-15T12:08,,,
347,ATENCION PREGUNTAğŸš¨ Â¿Que tipo de criptografÃ­a utiliza whatsapp para encriptar sus mensajes de extremos a extremo,Encuestas WhatsApp,Media,2023-06-16T09:56,,,
348,Nos fumigan?,Encuestas WhatsApp,Media,2023-06-16T16:23,,,
349,*ATENCIÃ“N PREGUNTA* Â¿Desde quÃ© aÃ±o existe esta tradiciÃ³n?,Encuestas WhatsApp,Media,2023-06-17T10:14,,,
350,Sin embargoâ€¦ me podrian decir *cual* de estas siguientes canciones de su primer album tiene *MENOS* reproducciones? (En spotify) ğŸ°ğŸ˜ˆ,Encuestas WhatsApp,Media,2023-06-21T09:35,,,
351,olivas en la mortadela?,Encuestas WhatsApp,Media,2023-06-21T11:45,,,
352,"ATENCIÃ“N PREGUNTAğŸš¨ En la 53Â° ediciÃ³n de los premios Ã“scar (PelÃ­culas de 1980) , Â¿Cual fue la ganadora a mejor pelÃ­cula?",Encuestas WhatsApp,Media,2023-06-22T10:39,,,
353,"ATENCIÃ“N PREGUNTA ğŸš¨ la bandera que tengo en mi culo es la bandera de Inglaterra. Cada SÃ­mbolo/color representa a un patrÃ³n (santo elegido para la protecciÃ³n a nivel religioso). La cruz roja representa al patrÃ³n de Inglaterra, que se llamaâ€¦",Encuestas WhatsApp,Media,2023-06-23T07:40,,,
354,"ATENCION PREGUNTAğŸš¨                         Ahora que ha llegado el verano con el calorcito lo que mÃ¡s apetece es una sandÃ­a bien fresquita, pero Â¿como sabemos si una sandÃ­a estÃ¡ en su punto Ã³ptimo de maduraciÃ³n para que tenga el mejor sabor posible?",Encuestas WhatsApp,Media,2023-06-25T13:53,,,
355,â›°ï¸*ATENCION PREGUNTA*â›°ï¸Â¿Cual es la cascada mÃ¡s grande de todo el parque nacional de ordesa y Monteperdido?,Encuestas WhatsApp,Media,2023-06-26T09:19,,,
356,Kinder joy lo peor de Kinder,Encuestas WhatsApp,Media,2023-06-26T20:13,,,
357,lunes dia de?,Encuestas WhatsApp,Media,2023-06-26T20:21,,,
358,*ATENCIÃ“N PREGUNTA: Â¿CuÃ¡l de las siguientes canciones no pertenece a Mora?*ğŸš¨,Encuestas WhatsApp,Media,2023-06-27T08:31,,,
359,ATENCIÃ“N PREGUNTAğŸš¨.                   Â¿CuÃ¡l de estÃ¡s pelÃ­culas de â€œtemÃ¡tica lgbtq+â€ ha recaudado mÃ¡s dinero en taquilla? ğŸ¤‘ğŸ’¸,Encuestas WhatsApp,Media,2023-06-28T11:40,,,
360,De que etnia fue el q me robÃ³?,Encuestas WhatsApp,Media,2023-07-01T12:34,,,
361,ğŸš¨ ATENCIÃ“N PREGUNTAğŸš¨ğŸš¨ğŸš¨ğŸš¨ğŸ«€ğŸ«Â¿Cuantos Ã³rganos tiene el cuerpo humano?ğŸ«€ğŸ«,Encuestas WhatsApp,Media,2023-07-02T05:39,,,
362,ğŸš¨ ATENCIÃ“N PREGUNTAğŸš¨ğŸš¨ğŸ¨ğŸ¨Â¿Que pintor diseÃ±Ã³ el logo de chupachups en 1958?ğŸ‘¨â€ğŸ¨ğŸ‘¨â€ğŸ¨,Encuestas WhatsApp,Media,2023-07-02T05:41,,,
363,ğŸš¨ ATENCIÃ“N PREGUNTAğŸš¨ğŸš¨ğŸ†ğŸ†Â¿En quÃ© paÃ­s se han celebrado mÃ¡s veces los JJOO?ğŸ†ğŸ†,Encuestas WhatsApp,Media,2023-07-02T05:43,,,
364,Cual de las siguientes canciones de verbeneo NO estÃ¡ versionada como tal por el combo dominicano o no se encuentra en su repertorio?,Encuestas WhatsApp,Media,2023-07-03T08:45,,,
365,*Â¿QuÃ© nombre/s comun/es recibe la flor de la siguiente fotografÃ­a?*,Encuestas WhatsApp,Media,2023-07-04T08:56,,,
366,"ATENCIÃ“N PREGUNTAğŸš¨ En 1718, Â¿quÃ© pirata muriÃ³ en una batalla en la costa del lugar ahora conocido como Carolina del Norte?",Encuestas WhatsApp,Media,2023-07-05T15:28,,,
367,"Todos conocemos la cancion ""PULCINO PIO - Pollito Pio"" que tanto furor causÃ³ allÃ¡ por el 2012... peeeeroooo... Â¿CUAL DE LAS SIGUIENTES OPCIONES NO ES NOMBRADA EN LA TAN ICONICA LETRA DE ESTA CANCIÃ“N? ğŸ£ğŸ£ğŸ£ ğŸš¨",Encuestas WhatsApp,Media,2023-07-06T09:09,,,
368,ATENCION PEEGUNTAğŸš¨ CuÃ¡ntas brujas y brujos fueron ejecutados (vivos) por la inquisiciÃ³n en 1610 en el pueblo de Zugarramurdi?,Encuestas WhatsApp,Media,2023-07-07T09:04,,,
369,"*ATENCIÃ“N PREGUNTA* ğŸš¨ *CuÃ¡l o cuÃ¡les de los siguientes refranes NO son conocidos popularmente, (o sea: me lo/s acabo de inventar)?:*",Encuestas WhatsApp,Media,2023-07-08T11:20,,,
370,Â¿a que aÃ±o ocurriÃ³ este cambio?,Encuestas WhatsApp,Media,2023-07-09T16:45,,,
371,La pregunta de hoy es: Â¿CUANTOS AÃ‘OS TIENE LA FAMOSA SABINA DOBLADA POR EL VIENTO HEREÃ‘O?,Encuestas WhatsApp,Media,2023-07-11T11:53,,,
372,"Todos los espaÃ±oles tenemos algo en comÃºn estos dias y es el calorğŸ¥µğŸ”¥. por lo tanto he decidido recopilar los siguientes facts que tienen que ver con el calor, sin embargo hay una *falsa* Â¿Cual de los siguientes facts NO es verdad? âŒ",Encuestas WhatsApp,Media,2023-07-12T11:25,,,
373,AtenciÃ³n Pregunta ğŸš¨ Â¿A quÃ© pais representa estÃ¡ bandera?,Encuestas WhatsApp,Media,2023-07-13T11:58,,,
374,"Tras la noticia de que Bertin Osborne va a tener un baby, me he preguntado si los hombres en algÃºn momento pueden dejar de reproducirse y la respuesta es que NO. Pero, Â¿a partir de quÃ© edad reproducen menor cantidad de espermatozoides?",Encuestas WhatsApp,Media,2023-07-14T12:55,,,
375,ATENCION PREGUNTAğŸš¨              Â¿Que porcentaje aproximadamente de espaÃ±oles se suele echar la siesta?,Encuestas WhatsApp,Media,2023-07-16T12:02,,,
376,Os echÃ¡is la siesta?ğŸ˜´,Encuestas WhatsApp,Media,2023-07-16T23:40,,,
377,Â¿Cual es el paÃ­s del mundo con mayor inflaciÃ³n actualmente?,Encuestas WhatsApp,Media,2023-07-17T14:04,,,
378,*ATENCIÃ“N PREGUNTA: Â¡Ayuda a Betzi! Â¿CuÃ¡l de las siguientes frases no fue dicha por Nelson Mandela? ğŸš¨*,Encuestas WhatsApp,Media,2023-07-18T10:59,,,
379,Â¿Cuantos aÃ±os viviÃ³ Adan? De adan y Eva biblia,Encuestas WhatsApp,Media,2023-07-21T14:00,,,
380,ğŸš¨AtenciÃ³n preguntağŸš¨ğŸš¨Â¿CuÃ¡l es el *mamÃ­fero* mÃ¡s pequeÃ±o del mundo en cuanto a *peso*?,Encuestas WhatsApp,Media,2023-07-23T14:56,,,
381,ğŸš¨AtenciÃ³n preguntağŸš¨ğŸš¨Â¿CuÃ¡l o cuÃ¡les de estos productos no tienen fecha de caducidad?,Encuestas WhatsApp,Media,2023-07-23T14:58,,,
382,ğŸš¨AtenciÃ³n preguntağŸš¨ğŸš¨Â¿Cual es el Ãºnico organo del cuerpo humano que se puede regenerar?,Encuestas WhatsApp,Media,2023-07-23T15:01,,,
383,ğŸ—£ï¸ğŸ’¬ *ENCUESTITA* Â¿ComerÃ­as carne humana? (Sabiendo a quiÃ©n te estÃ¡s comiendo y como ha fallecido),Encuestas WhatsApp,Media,2023-07-28T21:23,,,
384,ğŸ—£ï¸ğŸ’¬ *ENCUESTITA* Â¿ComerÃ­as carne de humano? (No sabes a quiÃ©n te estÃ¡s comiendo ni como ha fallecido),Encuestas WhatsApp,Media,2023-07-28T21:24,,,
385,ğŸ—£ï¸ğŸ’¬ *ENCUESTITA* Â¿ComerÃ­as carne humana? (Por supervivencia),Encuestas WhatsApp,Media,2023-07-28T21:26,,,
386,*ATENCIÃ“N PREGUNTA:* Â¿CuÃ¡nto tarda en descomponerse una simple bolsa de plÃ¡stico (de media)? ğŸ›ï¸â™»ï¸ ğŸš¨,Encuestas WhatsApp,Media,2023-07-29T11:34,,,
387,ğŸš¨ATENCION PREGUNTAğŸš¨ğŸš¨Â¿QUE PORCENTAJE DE LA POBLACION JOVEN (18-24)  ESTADOUNIDENSE (IMBECILES) CREE FIRMEMENTE QUE LA TIERRA ES PLANA EN EEUU (ESTUDIO DE 2018),Encuestas WhatsApp,Media,2023-07-31T12:17,,,
388,"*ATENCIÃ“N PREGUNTA: Betzi finalmente cursarÃ¡ el ""Grado de PsicologÃ­a"" y eso le lleva a pensar... Â¿CuÃ¡ntos psicÃ³logos hay en EspaÃ±a?* ğŸš¨",Encuestas WhatsApp,Media,2023-08-01T21:30,,,
389,Â¿QuiÃ©n elaborÃ³ tal obra de arte? ğŸ¨ğŸ‘¨ğŸ½â€ğŸ¨ ğŸš¨,Encuestas WhatsApp,Media,2023-08-02T13:57,,,
390,DespuÃ©s de ver oppheimer me entrÃ³ la duda de... ğŸš¨ğŸš¨ATENCION PREGUNTAğŸš¨ğŸš¨ CuÃ¡ntas bombas nucleares hay en el mundo aproximadamente en la actualidad?,Encuestas WhatsApp,Media,2023-08-07T22:49,,,
391,"ğŸš¨ATENCION PREGUNTAğŸš¨ğŸš¨ PÃ³nganse en situaciÃ³n, sois vuestro padre (putero y borracho) y querÃ©is ir a la provincia donde mayor cantidad de prostitutas haya por 1000 habitantes para disfrutar de un una ""putilla"" al maximo. A cual de estas provincias iriais?",Encuestas WhatsApp,Media,2023-08-22T10:04,,,
392,"ğŸš¨ATENCION PREGUNTAğŸš¨ğŸš¨ Cual ha sido el huracan mÃ¡s ""mortÃ­fero"" conocido (que mÃ¡s gente ha muerto)",Encuestas WhatsApp,Media,2023-09-04T10:16,,,
393,â€¼ï¸ATENCIÃ“N PREGUNTAâ€¼ï¸ğŸš¨ PUNTO DE ENCUENTRO: En Madrid fue donde muchos nos conocimos y donde mÃ¡s nos hemos vistoâ€¦ por eso le guardarÃ© cariÃ±o a esta gran ciudad ğŸ¤­ğŸ¤­ asÃ­ q a ver si podÃ©is decirme cuÃ¡l de las siguientes curiosidades sobre Madrid es FALSAâ€¦,Encuestas WhatsApp,Media,2023-09-05T10:00,,,
394,Â¿QuÃ© pais de Europa tiene la tasa de desempleo MAS BAJA?,Encuestas WhatsApp,Media,2023-09-06T11:27,,,
395,*ATENCIÃ“N PREGUNTA: Â¿CuÃ¡ntos kilÃ³metros abarca la ruta mÃ¡s larga posible a pie?* ğŸš¨,Encuestas WhatsApp,Media,2023-09-07T10:33,,,
396,PREGUNTA DE HOY (pido perdÃ³n),Encuestas WhatsApp,Media,2023-09-07T16:03,,,
397,*ATENCIÃ“N PREGUNTA: En relaciÃ³n con los hipopÃ³tamos... Â¿CuÃ¡l de las siguientes afirmaciones es FALSA?* ğŸš¨,Encuestas WhatsApp,Media,2023-09-07T17:32,,,
398,Y al buscar en google descubrÃ­ que un ajolote es....,Encuestas WhatsApp,Media,2023-09-09T18:18,,,
399,"Quevedo, fue coronado como el *primer artista espaÃ±ol* en alcanzar el *nÃºmero uno* del Top 50 *Global* de Spotify gracias a su BZRP Music Sessions #52. Â¿Sabriais decirme quÃ© mes saliÃ³ esta histÃ³rica canciÃ³n? ğŸ‘¨ğŸ»â€ğŸ¤ ğŸ‡®ğŸ‡¨ğŸ‡ªğŸ‡¸ ğŸš¨",Encuestas WhatsApp,Media,2023-09-10T08:09,,,
400,Â¿CuÃ¡l de las siguientes partes del cuerpo humano esta porcentualmente compuesta por MÃS agua? ğŸ’§ğŸ§ ğŸ«ğŸ©¸ğŸ‘« ğŸš¨,Encuestas WhatsApp,Media,2023-09-10T08:10,,,
401,Â¿Cual o CuÃ¡les son los animales emblemÃ¡ticos de EspaÃ±a nuestra naciÃ³n? âœŠğŸ‡ªğŸ‡¦ ğŸš¨,Encuestas WhatsApp,Media,2023-09-10T08:13,,,
402,ğŸš¨,Encuestas WhatsApp,Media,2023-09-10T08:13,,,
403,"ğŸš¨ğŸš¨Actualmente EspaÃ±a tiene una extensiÃ³n de 500.000 kmÂ²,pero en otra Ã©poca (1550-1750) tenÃ­amos mÃ¡s territorio. Â¿CuÃ¡l fue la mÃ¡xima expansiÃ³n que logrÃ³ tener el imperio espaÃ±ol? ğŸš¨ğŸš¨ğŸš¨",Encuestas WhatsApp,Media,2023-09-11T00:58,,,
404,Hoy estoy modo historiador ğŸš¨ğŸš¨ğŸš¨Â¿QuiÃ©n ha tenido la  expansiÃ³n mÃ¡s grande conocida hasta la fecha?ğŸš¨ğŸš¨ğŸš¨,Encuestas WhatsApp,Media,2023-09-11T19:59,,,
405,ğŸš¨*ATENCION PREGUNTA*ğŸš¨ğŸš¨ğŸš¨     Â¿Cuantos paÃ­ses y cuantos dialectos hay y se hablan en Ãfrica?,Encuestas WhatsApp,Media,2023-09-12T11:38,,,
406,PensÃ¡is teniendo un monÃ³logo interno?,Encuestas WhatsApp,Media,2023-09-12T20:45,,,
407,Os habÃ©is despertado de un sueÃ±o por reÃ­ros?,Encuestas WhatsApp,Media,2023-09-12T21:42,,,
408,ATENCIÃ“N PREGUNTAğŸš¨Â¿CuÃ¡l es aproximadamente el aforo permitido en FABRIK?,Encuestas WhatsApp,Media,2023-09-13T10:07,,,
409,ATENCIÃ“N PREGUNTA ğŸš¨ Ayer dieron comienzo las fiestas de Ainsa y cada dos aÃ±os se organiza un evento que representa el motivo de las fiestas Â¿Que evento se organiza?,Encuestas WhatsApp,Media,2023-09-14T12:29,,,
410,"ATENCIÃ“N  PREGUNTAğŸš¨ Cuenta el mito que las grandes cordilleras del mundo fueron creadas tras una gran pelea ente dos gigantes. No obstante, muchas montaÃ±as tienen su propia historia... Â¿CuÃ¡l de estos picos NO tiene su propia leyenda?",Encuestas WhatsApp,Media,2023-09-15T08:30,,,
411,*ATENCIÃ“N PREGUNTA* ğŸš¨ Â¿Cual de los siguientes datos no es real? âŒ,Encuestas WhatsApp,Media,2023-09-16T10:48,,,
412,Â¿QuÃ© pickeo?,Encuestas WhatsApp,Media,2023-09-17T13:21,,,
413,ğŸŒ±,Encuestas WhatsApp,Media,2023-09-19T09:48,,,
414,Â¿En su dÃ­a a dÃ­a piensan en el imperio romano?,Encuestas WhatsApp,Media,2023-09-19T15:38,,,
415,En que aÃ±o sacÃ³ su primer disco CamarÃ³n de la isla,Encuestas WhatsApp,Media,2023-09-20T12:19,,,
416,Â¿QUE COMUNIDAD AUTONOMA CONSTA DE *MAS AMBULANCIAS POR 1000 HABITANTES EN ESPAÃ‘A?,Encuestas WhatsApp,Media,2023-09-21T11:59,,,
417,"ğŸš¨*ATENCION PREGUNTA*ğŸš¨ğŸš¨*Â¿CuÃ¡l o cuÃ¡les de los siguientes â€œMaresâ€ son, en realidad, considerado/s como Lago/s?",Encuestas WhatsApp,Media,2023-09-22T10:10,,,
418,ATENCIÃ“N PREGUNTA ğŸš¨Â¿CuÃ¡l de estas opciones NO forma parte de la lista de las 7 MARAVILLAS DEL MUNDO ANTIGUO?ğŸ›ï¸ğŸ•Œâ›©ï¸ğŸ›•ğŸ—¿ğŸ—ºï¸ğŸ—½ğŸ°,Encuestas WhatsApp,Media,2023-09-23T11:53,,,
419,ğŸš¨ğŸš¨ATENCION PREGUNTA: Â¿Cuantos pÃ­xeles puede ver el ojo humano?,Encuestas WhatsApp,Media,2023-09-23T17:05,,,
420,ğŸ˜˜,Encuestas WhatsApp,Media,2023-09-25T11:42,,,
421,ğŸš¨*Atencion pregunta rapida* Â¿Que dÃ­a se celebra en el dÃ­a de hoy (25 de septiembre),Encuestas WhatsApp,Media,2023-09-25T20:19,,,
422,Peeeroo.... Â¿Cuantas lenguas oficiales tiene la UNIÃ“N EUROPEA? ğŸ—£ï¸ğŸš¨,Encuestas WhatsApp,Media,2023-09-26T10:01,,,
423,Â¿CuÃ¡nto vive una mosca? ğŸ§¬ğŸª° ğŸš¨,Encuestas WhatsApp,Media,2023-09-30T15:13,,,
424,"Â¿QuÃ© significa *""CINEGETICO""*? ğŸš¨",Encuestas WhatsApp,Media,2023-10-02T11:57,,,
425,*ATENCIÃ“N PREGUNTA* ğŸš¨ Â¿Cual de las siguientes canciones tiene menos reproducciones en YouTube?,Encuestas WhatsApp,Media,2023-10-02T12:01,,,
426,Los grupos los harÃ­ais a sorteo?,Encuestas WhatsApp,Media,2023-10-02T17:00,,,
427,ğŸš¨ğŸš¨*ATENCION PREGUNTA*ğŸš¨ğŸš¨ğŸš¨Â¿Cual es el rÃ©cord de aviones volando al mismo tiempo?,Encuestas WhatsApp,Media,2023-10-03T14:00,,,
428,"ATENCION PREGUNTAğŸš¨                        En el aÃ±o 2001, saliÃ³ el dato de que el consumo de pan por persona en EspaÃ±a era de 50,25 kilos. Â¿Cual es el consumo de pan por persona actualmente (datos de 2021)?",Encuestas WhatsApp,Media,2023-10-05T14:37,,,
429,?,Encuestas WhatsApp,Media,2023-10-09T12:56,,,
430,"Epi va en un regional/ tren de media distancia ğŸš‡, siempre se ha preguntado a cuÃ¡nto irÃ¡n estos trenes tan pesadoZzz, le ha preguntado a Manolo y este le ha dicho: Llegan a ir a "".......""km/h aprox cuando pueden ğŸš¨",Encuestas WhatsApp,Media,2023-10-11T15:26,,,
431,Acuarius,Encuestas WhatsApp,Media,2023-10-11T16:03,,,
432,Tias,Encuestas WhatsApp,Media,2023-10-11T16:09,,,
433,Geas,Encuestas WhatsApp,Media,2023-10-11T16:12,,,
434,ATENCION PREGUNTAğŸš¨                      Este aÃ±o se bate rÃ©cord de asistencia en la ofrenda a la Virgen con 76 grupos mÃ¡s que el aÃ±o pasado. Â¿CuÃ¡ntos grupos participan hoy en la ofrenda de flores?,Encuestas WhatsApp,Media,2023-10-12T16:41,,,
435,Â¿QuiÃ©n es el SEGUNDO ğŸ¥ˆ artista con mÃ¡s reproducciones del mundo en Spotify actualmente? ğŸ”ğŸ¶ ğŸš¨,Encuestas WhatsApp,Media,2023-10-15T17:11,,,
436,Â¿CuÃ¡l creÃ©is que es la puntuaciÃ³n de estas patatas: ğŸš¨,Encuestas WhatsApp,Media,2023-10-15T17:36,,,
437,adivina adivinanza quÃ© se le ha caÃ­do a alguien en el metro?,Encuestas WhatsApp,Media,2023-10-15T18:21,,,
438,"ğŸš¨ *ATENCIÃ“N PREGUNTA: Aparte de otras populares maneras de llamar al Viejo Oeste, como son Lejano Oeste o Salvaje Oeste... Â¿CuÃ¡l es otra manera, no tan popular, de denominar estos hechos?* ğŸš¨ğŸš¨",Encuestas WhatsApp,Media,2023-10-16T08:14,,,
439,ğŸš¨ *ATENCIÃ“N PREGUNTA: Â¿CuÃ¡l de las siguientes opciones contiene todos los gases mayoritarios de las diferentes atmÃ³sferas correctamente?*ğŸš¨ğŸš¨,Encuestas WhatsApp,Media,2023-10-17T07:16,,,
440,ğŸš¨ *ATENCIÃ“N PREGUNTA: Â¿CuÃ¡l es el mes con mÃ¡s nacimientos a nivel mundial?*ğŸš¨ğŸš¨,Encuestas WhatsApp,Media,2023-10-18T11:27,,,
441,*ATENCIÃ“N PR..._ECIO JUSTO_* *Â¿CuÃ¡nto vale esta botella de galÃ³n (3.5litros) de agua?*ğŸš¨,Encuestas WhatsApp,Media,2023-10-19T09:34,,,
442,*ATENCIÃ“N PREGUNTA: Â¿QuÃ© rango corresponde al espectro audible humano?*ğŸš¨,Encuestas WhatsApp,Media,2023-10-20T14:44,,,
443,*ATENCIÃ“N PREGUNTA: Â¿CuÃ¡les 2 de estos acontecimientos vitales suponen un mayor estrÃ©s?* ğŸš¨,Encuestas WhatsApp,Media,2023-10-21T10:43,,,
444,*ATENCIÃ“N PREGUNTA: Â¿CuÃ¡l es el animal emblemÃ¡tico de Nicaragua?* ğŸš¨,Encuestas WhatsApp,Media,2023-10-22T11:52,,,
445,*ATENCIÃ“N PREGUNTA: Â¿CuÃ¡l es la unidad del sistema internacional para medir la intensidad elÃ©ctrica?* ğŸš¨,Encuestas WhatsApp,Media,2023-10-22T11:53,,,
446,*ATENCIÃ“N PREGUNTA: Â¿En cuÃ¡ntos subestadios dividiÃ³ Piaget el desarrollodel periodo sensoriomotor de los bebÃ©s?* ğŸš¨,Encuestas WhatsApp,Media,2023-10-22T11:53,,,
447,*ATENCIÃ“N PREGUNTA: Â¿Hoy es el DÃ­a Internacional de...?* ğŸš¨,Encuestas WhatsApp,Media,2023-10-22T11:53,,,
448,*ATENCIÃ“N PREGUNTA: Â¿A quÃ© hora se pone hoy el sol ğŸ¥¹EN TERUELğŸ¥¹?* ğŸš¨,Encuestas WhatsApp,Media,2023-10-22T11:54,,,
449,*ATENCIÃ“N PREGUNTA: Â¿CuÃ¡ntas horas de vÃ­deo se suben al minuto a YouTube?*ğŸš¨,Encuestas WhatsApp,Media,2023-10-23T16:42,,,
450,te cae bien berto romero? ğŸ¥¸ğŸ¥¸,Encuestas WhatsApp,Media,2023-10-23T20:57,,,
451,*ATENCIÃ“N PREGUNTA: Â¿CuÃ¡ndo cayÃ³ el Imperio Romano en Occidente?* ğŸš¨,Encuestas WhatsApp,Media,2023-10-24T10:09,,,
452,"*ATENCIÃ“N PREGUNTA: Â¿QuÃ© significa ""Nefelibata""?*ğŸš¨",Encuestas WhatsApp,Media,2023-10-25T10:19,,,
453,*ATENCIÃ“N PREGUNTA: Todos sabemos quÃ© Doraemon viene del futuro pero... Â¿De quÃ© siglo viene Doraemon?*ğŸš¨,Encuestas WhatsApp,Media,2023-10-26T09:29,,,
454,*ATENCIÃ“N PREGUNTA: Â¿CuÃ¡ntas personas mueren ahogadas al aÃ±o?*ğŸš¨,Encuestas WhatsApp,Media,2023-10-27T09:13,,,
455,*ATENCIÃ“N PREGUNTA: Â¿En quÃ© paÃ­s se vendieron mÃ¡s entradas de cine por habitante en 2022?*ğŸš¨,Encuestas WhatsApp,Media,2023-10-28T16:47,,,
456,ğŸš¨ğŸš¨ATENCION PREGUNTA: Â¿Cuantas medallas ganÃ³ EspaÃ±a en los JJOO de Atenas en 2004?ğŸš¨ğŸš¨ğŸš¨,Encuestas WhatsApp,Media,2023-10-29T14:43,,,
457,HOY,Encuestas WhatsApp,Media,2023-10-29T15:47,,,
458,*ATENCIÃ“N PREGUNTA: Â¿QuiÃ©n tiene mÃ¡s oyentes mensuales?* ğŸš¨,Encuestas WhatsApp,Media,2023-10-29T15:50,,,
459,*ATENCIÃ“N PREGUNTA: Â¿En quÃ© lugar estÃ¡ Twitter posicionado en la lista de pÃ¡ginas mÃ¡s visitadas?*ğŸš¨,Encuestas WhatsApp,Media,2023-10-29T15:52,,,
460,*ATENCIÃ“N PREGUNTA: Â¿CÃ³mo ha muerto el hombre?* ğŸš¨,Encuestas WhatsApp,Media,2023-10-29T16:18,,,
461,SE PUEDE?,Encuestas WhatsApp,Media,2023-10-29T16:32,,,
462,*Â¿QUIÃ‰N GANA?*,Encuestas WhatsApp,Media,2023-10-29T22:11,,,
463,*ATENCIÃ“N PREGUNTA: El origen de HalloweenÂ se remonta a un antiguo festival pagano celebrado por...*ğŸš¨,Encuestas WhatsApp,Media,2023-10-30T10:49,,,
464,Â¿Que preferÃ­s?,Encuestas WhatsApp,Media,2023-10-31T17:19,,,
465,ğŸ‘»ğŸ‘¹ *ATENCIÃ“N PREGUNTA: Â¿CuÃ¡l es la pelÃ­cula de miedo mÃ¡s taquillera?*ğŸ‘¹ğŸ‘»ğŸš¨,Encuestas WhatsApp,Media,2023-10-31T21:31,,,
466,PUNTO A BABY Y ANGEL,Encuestas WhatsApp,Media,2023-11-01T20:47,,,
467,"*ATENCIÃ“N PREGUNTA: En EspaÃ±a, se celebra yendo al cementerio... etc etc etc... pero hay una comunidad autÃ³noma que hace algo en concreto. Â¿CuÃ¡l es esta comunidad autÃ³noma?* ğŸš¨",Encuestas WhatsApp,Media,2023-11-02T11:02,,,
468,*ATENCIÃ“N PREGUNTA: Â¿CuÃ¡l es la temperatura en los polos de la Luna?*ğŸš¨,Encuestas WhatsApp,Media,2023-11-03T17:11,,,
469,*ATENCIÃ“N PREGUNTA: Â¿CuÃ¡l es la enfermedad crÃ³nica mÃ¡s comÃºn en mujeres en EspaÃ±a?* ğŸš¨,Encuestas WhatsApp,Media,2023-11-04T11:03,,,
470,*ATENCIÃ“N PREGUNTA: Â¿QuiÃ©n tiene el cerebro mÃ¡s grande?* ğŸš¨,Encuestas WhatsApp,Media,2023-11-05T14:45,,,
471,*ATENCIÃ“N PREGUNTA: Â¿Hay mÃ¡s estrellas o granos de arena?* ğŸš¨,Encuestas WhatsApp,Media,2023-11-05T14:45,,,
472,*ATENCIÃ“N PREGUNTA: Â¿QuiÃ©n es mejor pagado?* ğŸš¨,Encuestas WhatsApp,Media,2023-11-05T14:46,,,
473,*ATENCIÃ“N PREGUNTA: Ayer Vegetta777 hizo su primer directo en Twitch... Â¿CuÃ¡ntos seguidores tiene ya?* ğŸš¨,Encuestas WhatsApp,Media,2023-11-05T14:46,,,
474,*ATENCIÃ“N PREGUNTA: Â¿CuÃ¡ndo se invento el microondas?*ğŸš¨,Encuestas WhatsApp,Media,2023-11-05T14:47,,,
475,*ATENCIÃ“N PREGUNTA: Â¿CuÃ¡l de estas pelÃ­culas/series animadas tienen un Live Action planeado para 2025?*ğŸš¨,Encuestas WhatsApp,Media,2023-11-06T10:53,,,
476,We are back: ğŸ—£ï¸ *CHIQUIENCUESTA SIN RESPUESTA:* Â¿Es Ã©tico utilizar la ediciÃ³n genÃ©tica para diseÃ±ar bebÃ©s con caracterÃ­sticas especÃ­ficas?,Encuestas WhatsApp,Media,2023-11-06T19:27,,,
477,*ATENCIÃ“N PREGUNTA: Â¿CuÃ¡les son las 3 regiones con peor Ã­ndice?*ğŸš¨,Encuestas WhatsApp,Media,2023-11-07T10:09,,,
478,ğŸ—£ *CHIQUIENCUESTA SIN RESPUESTA* Â¿OS GUSTARIA TENER EN VUESTRA MANO TANTISIMO PODER MUNDIAL? ğŸ—£,Encuestas WhatsApp,Media,2023-11-07T20:20,,,
479,*ATENCIÃ“N PREGUNTA: Â¿CuÃ¡l es la tercera ciudad mÃ¡s poblada de Marruecos?*ğŸš¨,Encuestas WhatsApp,Media,2023-11-08T10:13,,,
480,ğŸ—£ï¸ CHIQUIENCUESTA SIN RESPUESTA: Â¿Le ponÃ©is huevo frito a los macarrones? ğŸ—£ï¸,Encuestas WhatsApp,Media,2023-11-08T18:10,,,
481,*Modalidad de huevo preferida*,Encuestas WhatsApp,Media,2023-11-08T18:40,,,
482,os apetece DARK STORIE? ğŸ«¨,Encuestas WhatsApp,Media,2023-11-09T10:16,,,
483,*ATENCIÃ“N PREGUNTA: Â¿CuÃ¡l de estas pruebas no estÃ¡n presentes en ninguna de las oposiciones (pruebas fÃ­sicas) para ser bombero?*ğŸš¨,Encuestas WhatsApp,Media,2023-11-09T15:18,,,
484,*ATENCIÃ“N PREGUNTA: Â¿CuÃ¡ndo surgiÃ³ el islam?* ğŸš¨,Encuestas WhatsApp,Media,2023-11-10T05:08,,,
485,*EL HOMBRE SE ARREPIENTE PORQUE...*ğŸš¨,Encuestas WhatsApp,Media,2023-11-11T12:17,,,
486,*ATENCIÃ“N PREGUNTA: Â¿QuÃ© alimento tiene mÃ¡s vitamina C?*ğŸš¨,Encuestas WhatsApp,Media,2023-11-12T14:59,,,
487,*ATENCIÃ“N PREGUNTA: Â¿CuÃ¡ndo surgiÃ³ la electricidad?*ğŸš¨,Encuestas WhatsApp,Media,2023-11-12T14:59,,,
488,"*ATENCIÃ“N PREGUNTA: SegÃºn las historias de la antigÃ¼edad, de hindÃºes y romanos, y los reportes de zoolÃ³gicos, en una pelea gana...*ğŸš¨",Encuestas WhatsApp,Media,2023-11-12T15:00,,,
489,*ATENCIÃ“N PREGUNTA: Robert Hooke descubriÃ³ la cÃ©lula en el...* ğŸš¨,Encuestas WhatsApp,Media,2023-11-12T15:01,,,
490,*ATENCIÃ“N PREGUNTA: Â¿En quÃ© idioma hay mÃ¡s palabras?*ğŸš¨,Encuestas WhatsApp,Media,2023-11-12T15:04,,,
491,*ATENCIÃ“N PREGUNTA: Â¿CuÃ¡ntos litros de agua hay aproximadamente en La Tierra?*ğŸš¨,Encuestas WhatsApp,Media,2023-11-13T09:06,,,
492,DIGO LOS PECADOS CAPITALES,Encuestas WhatsApp,Media,2023-11-13T16:06,,,
493,*ATENCIÃ“N PREGUNTA: Â¿DÃ³nde se ubica la fortaleza Fort Boyard en Francia?* ğŸš¨,Encuestas WhatsApp,Media,2023-11-14T10:53,,,
494,*ATENCIÃ“N PREGUNTA: Â¿QuiÃ©n es el autor de esta teorÃ­a?*ğŸš¨,Encuestas WhatsApp,Media,2023-11-15T13:39,,,
495,ğŸ­ *ATENCIÃ“N PREGUNTA BONUS: Â¿QuiÃ©nes de estas importantes figuras histÃ³ricas vivieron al mismo tiempo?* ğŸ­ğŸš¨,Encuestas WhatsApp,Media,2023-11-15T13:44,,,
496,*ATENCIÃ“N PREGUNTA: Â¿CuÃ¡l de las siguientes canciones no figura en el Top 10 Global en Spotify?* ğŸš¨,Encuestas WhatsApp,Media,2023-11-16T14:25,,,
497,*ATENCIÃ“N PREGUNTA: Â¿CuÃ¡ntas han sido el mÃ¡ximo de tarjetas rojas sacadas en un partido de fÃºtbol?*ğŸš¨,Encuestas WhatsApp,Media,2023-11-17T15:29,,,
498,BETZI VS ÃGUILA REAL,Encuestas WhatsApp,Media,2023-11-17T16:53,,,
499,*ATENCIÃ“N PREGUNTA: Â¿CuÃ¡l es la evidencia mÃ¡s antigua del uso de la rueda?*ğŸš¨,Encuestas WhatsApp,Media,2023-11-18T18:05,,,
500,*ATENCIÃ“N PREGUNTA: Â¿QuÃ© Featuring con Myke Towers tiene mÃ¡s reproducciones en Spotify?*ğŸš¨,Encuestas WhatsApp,Media,2023-11-19T12:13,,,
501,*ATENCIÃ“N PREGUNTA: Â¿QuiÃ©n cuenta con mÃ¡s seguidores en Instagram?*ğŸš¨,Encuestas WhatsApp,Media,2023-11-19T12:13,,,
502,*ATENCIÃ“N PREGUNTA: Â¿QuÃ© pelÃ­cula de Disney saliÃ³ antes?*ğŸš¨,Encuestas WhatsApp,Media,2023-11-19T12:13,,,
503,*ATENCIÃ“N PREGUNTA: Â¿CuÃ¡l de estos era un dinosaurio?*ğŸš¨,Encuestas WhatsApp,Media,2023-11-19T12:14,,,
504,*ATENCIÃ“N PREGUNTA: El actor de doblaje Mario GarcÃ­a es reconocido por doblar a...*ğŸš¨,Encuestas WhatsApp,Media,2023-11-19T12:14,,,
505,*ATENCIÃ“N PREGUNTA: Connor McGregor cuenta con 22 victorias en UFC... Â¿CuÃ¡ntas han sido por KO?*ğŸš¨,Encuestas WhatsApp,Media,2023-11-20T11:19,,,
506,*ATENCIÃ“N PREGUNTA: Â¿CuÃ¡l/CuÃ¡les de estos son elementos del municipio?* ğŸš¨,Encuestas WhatsApp,Media,2023-11-21T12:48,,,
507,*ATENCIÃ“N PREGUNTA: Â¿CuÃ¡l de estas es la provincia mÃ¡s poblada?*ğŸš¨,Encuestas WhatsApp,Media,2023-11-22T15:07,,,
508,*ATENCIÃ“N PREGUNTA: Â¿QuÃ© es la anosmia?*ğŸš¨,Encuestas WhatsApp,Media,2023-11-23T15:46,,,
509,Me voy a comprar un teclado:,Encuestas WhatsApp,Media,2023-11-23T16:20,,,
510,"MIERDA MIERDA MIERDA! EPI TIENE CITA PARA QUITARSE LOS PUNTOS PERO EL CACHONDO DEL CIRUJANO LE DICE QUE TIENE CITA A LAS 11:00 *HORA PERUANA*, Â¿A QUÃ‰ HORA TIENE LA CONSULTA SI ES EN ZARAGOZA? ğŸ‘¨â€âš•ï¸ğŸ’‰ğŸš¨",Encuestas WhatsApp,Media,2023-11-29T13:44,,,
511,ATENCION PREGUNTAğŸš¨Â¿Se considera un ciclomotor un vehÃ­culo de motor?,Encuestas WhatsApp,Media,2023-12-01T10:56,,,
512,ğŸ—£ï¸ CHIQUIENCUESTA SIN RESPUESTA: Â¿GRUMITOS? ğŸ¥› ğŸ—£ï¸,Encuestas WhatsApp,Media,2023-12-03T13:04,,,
513,Â¿QUÃ‰ ANIMAL TIENE MÃS DIENTES? ğŸ¦ğŸ¯ğŸ¦·ğŸ¦·ğŸš¨,Encuestas WhatsApp,Media,2023-12-04T12:33,,,
514,ğŸ—£ï¸ CHIQUIENCUESTA SIN RESPUESTA: Â¿CUÃNTAS VECES HAS CAGADO HOY? ğŸ’© ğŸ—£ï¸,Encuestas WhatsApp,Media,2023-12-04T20:08,,,
515,LA ESTATUA DE LA LIBERTAD MIDE... ğŸ—½ ğŸš¨,Encuestas WhatsApp,Media,2023-12-05T11:42,,,
516,Â¿CUÃNTAS PASTILLITAS SALEN EN EL SIGUIENTE BOTE DE SACARINA? âšªâšªâšªâšªâšª ğŸš¨,Encuestas WhatsApp,Media,2023-12-08T12:18,,,
517,Que Pokemon juego,Encuestas WhatsApp,Media,2023-12-09T19:25,,,
518,En que aÃ±o se realizÃ³ la Ãºltima lobotomÃ­a (legal supongo),Encuestas WhatsApp,Media,2023-12-12T09:06,,,
519,Â¿CuÃ¡les de estas celebridades son mÃ¡s mayores que el (Estado) de Israel?ğŸ‘µğŸ»ğŸ‘´ğŸ»ğŸ’£ğŸ‰,Encuestas WhatsApp,Media,2023-12-13T15:03,,,
520,*OTIS* ES UNA RECONOCIDA EMPRESA ESPAÃ‘OLA DE... ğŸš¨,Encuestas WhatsApp,Media,2023-12-14T10:18,,,
521,Â¿NOS HAN HECHO CASO Y SE PUEDEN FIJAR LAS PRESUNTAS? ğŸ§²ğŸ§²ğŸ§²ğŸš¨,Encuestas WhatsApp,Media,2023-12-17T20:49,,,
522,ğŸ„ SEASON ESPECIAL NAVIDEÃ‘A EMPIEZA ESTÃ TARDEğŸ„ğŸš¨,Encuestas WhatsApp,Media,2023-12-18T13:06,,,
523,ğŸ„ ATENCIÃ“N PREGUNTA: Â¿DÃ“NDE ESTA ENTERRADO PAPA NOEL? âš°ğŸ„ğŸš¨,Encuestas WhatsApp,Media,2023-12-18T16:31,,,
524,ğŸ„ ATENCIÃ“N PREGUNTA: Â¿CuÃ¡l es el paÃ­s que se atribuye como lugar de origen del Ã¡rbol de Navidad?Â ğŸ“ğŸŒ² ğŸ„ğŸš¨,Encuestas WhatsApp,Media,2023-12-19T17:17,,,
525,"ğŸ„ ATENCIÃ“N PREGUNTA: Â¿SegÃºn la tradiciÃ³n bÃ­blica, REALMENTE Â¿DÃ³nde naciÃ³ JesÃºs? ğŸ‘¶ğŸ»âœï¸ ğŸ„ğŸš¨",Encuestas WhatsApp,Media,2023-12-20T18:43,,,
526,ğŸ„ ATENCIÃ“N PREGUNTA: Â¿CuÃ¡l o CuÃ¡les  de las siguientes opciones fueron regalos llevados por los Reyes Magos al niÃ±ito JesÃºs?ğŸ«…ğŸ¼ğŸ¤´ğŸ»ğŸ¤´ğŸ¿  ğŸ‘¶ğŸ¼ğŸ„ğŸš¨,Encuestas WhatsApp,Media,2023-12-21T11:56,,,
527,ğŸ„ ATENCIÃ“N PREGUNTA: Â¿QuÃ© celebraciÃ³n se conmemora durante la EpifanÃ­a? ğŸ¤©ğŸ‰ğŸ¥³ ğŸ„ğŸš¨,Encuestas WhatsApp,Media,2023-12-22T10:29,,,
528,ğŸ„ ATENCIÃ“N PREGUNTA: Â¿CuÃ¡l es la ciudad Europea que mÃ¡s dinero se gasta en luces navideÃ±as? ğŸ„ğŸš¨,Encuestas WhatsApp,Media,2023-12-23T19:48,,,
529,ğŸ„ ATENCIÃ“N PREGUNTA: Â¿QuÃ© otro nombre recibe la Nochebuena en algunos paÃ­ses de habla hispana? ğŸŒ•ğŸ…ğŸ½ ğŸ„ğŸš¨,Encuestas WhatsApp,Media,2023-12-24T14:08,,,
530,ğŸ„ ATENCIÃ“N PREGUNTA: Â¿CuÃ¡l de las siguientes figuras mitolÃ³gicas NO estÃ¡ relacionada con la Navidad en la cultura tradicional europea? ğŸ„ğŸš¨,Encuestas WhatsApp,Media,2023-12-25T15:01,,,
531,"ğŸ„ ATENCIÃ“N PREGUNTA: Tres de los siguientes 4 paÃ­ses NO celebran la navidad, Â¿SabrÃ­a decirme cuÃ¡l de ellos SI que la celebra? ğŸ˜‡ğŸ˜ğŸ«‚ğŸ„ğŸš¨",Encuestas WhatsApp,Media,2023-12-26T10:29,,,
532,"ğŸ„ ATENCIÃ“N PREGUNTA: Â¿CuÃ¡l es el ingrediente tradicional que define principalmente la variante clÃ¡sica del turrÃ³n de Jijona, una especialidad de turrÃ³n espaÃ±ola? ğŸ«´ğŸ«ğŸ„ğŸš¨",Encuestas WhatsApp,Media,2023-12-27T15:29,,,
533,"ğŸ„ FELIZ DIA DE LOS INOCENTES, ATENCIÃ“N PREGUNTA: Â¿CuÃ¡l es el origen histÃ³rico del DÃ­a de los Santos Inocentes, celebrado el 28 de diciembre en muchos paÃ­ses de habla hispana? ğŸ¤£ğŸ¤£ğŸ¤£ ğŸ„ğŸš¨",Encuestas WhatsApp,Media,2023-12-28T13:39,,,
534,ğŸ„ Â¿CuÃ¡les son los ingredientes principales para hacer churros (Â¡LA MASA BÃSICA y clÃ¡sica  y SOLO LA MASA BÃSICA clÃ¡sica  !)? * emoji de churrito *â˜• ğŸ„ğŸš¨,Encuestas WhatsApp,Media,2023-12-29T13:08,,,
535,Â¿QuÃ© eres mÃ¡s de..? â˜•ï¸,Encuestas WhatsApp,Media,2023-12-30T12:48,,,
536,ğŸ„ ATENCIÃ“N PREGUNTA: Â¿CÃ³mo se forman los copos de nieve? â„ï¸â„ï¸â„ï¸ ğŸ„ğŸš¨,Encuestas WhatsApp,Media,2023-12-30T14:19,,,
537,"ğŸ„ ATENCIÃ“N PREGUNTA: La celebraciÃ³n de Nochevieja el 31 de diciembre tiene su origen en la transiciÃ³n del calendario gregoriano, organizaciÃ³n temporal que hoy se utiliza de manera oficial en casi todo el mundo Â¿Pero dÃ³nde se originÃ³ este calendario? ğŸ—“ï¸ğŸ“ğŸ„ğŸš¨",Encuestas WhatsApp,Media,2023-12-31T16:40,,,
538,CÃ³mo se diceeeeeee............,Encuestas WhatsApp,Media,2024-01-09T11:30,,,
539,"si estÃ¡is solos en casa, Â¿cÃ³mo escuchÃ¡is mÃºsica preferiblemente?",Encuestas WhatsApp,Media,2024-01-09T13:08,,,
540,"ğŸ—£ï¸ CHIQUIENCUESTA: Â¿Os echÃ¡is a dormir todos los dÃ­as ""de la misma forma""?, una rutina por asÃ­ llamarlo... P.ej: quitarse los cascos, girarse a la izquierda, pensar un rato o estar asÃ­ un rato y ya finalmente girar a la derecha y ya quedarse asÃ­ dormido",Encuestas WhatsApp,Media,2024-01-09T17:00,,,
541,"ğŸ—£ï¸ CHIQUIENCUESTA SIN RESPUESTA: OTRA, OS MOVEIS DURMIENDO? ğŸ—£ï¸",Encuestas WhatsApp,Media,2024-01-09T17:04,,,
542,ğŸ—£ï¸ CHIQUIENCUESTA SIN RESPUESTA: A dÃ­a de hoy preferentementeÂ¿a quÃ© colegio llevarÃ©is a vuestros hijos si podÃ©is elegir? ğŸ« ğŸ—£ï¸,Encuestas WhatsApp,Media,2024-01-10T10:16,,,
543,Cafe,Encuestas WhatsApp,Media,2024-01-15T10:00,,,
544,ğŸ—£ï¸ğŸ¶ CHIQUIENCUESTA SIN RESPUESTA ğŸ¶ğŸ—£ï¸,Encuestas WhatsApp,Media,2024-01-16T09:17,,,
545,Â¿CuÃ¡l o CuÃ¡les (son dos) de estas marcas NO pertenece a la compaÃ±Ã­a CocaCola? ğŸ¥¤ğŸ˜ƒ ğŸš¨,Encuestas WhatsApp,Media,2024-01-18T10:23,,,
546,ğŸ—£ï¸ CHIQUIENCUESTA SIN RESPUESTA: Solo puedes ver una el resto de tus dÃ­as ğŸ¥ğŸ¥ğŸ¥ ğŸ—£ï¸,Encuestas WhatsApp,Media,2024-01-19T15:37,,,
547,"ğŸ—£ï¸ CHIQUIENCUESTA SIN RESPUESTA, Pongamos Ibai... Ibai hace un charlando tranquilamente con por ejemplo, TIni, o Myke Towers, que casualmente acaban de sacar un Ã¡lbum. O por ejemplo con Ester ExpÃ³sito, que acaba de ser protagonista de una nueva serie ğŸ—£ï¸",Encuestas WhatsApp,Media,2024-01-19T18:35,,,
548,*ortografÃ­a....*,Encuestas WhatsApp,Media,2024-01-22T21:13,,,
549,TRAP BUNNY EL CONEJO MALO ğŸ°ğŸ‘¿,Encuestas WhatsApp,Media,2024-01-23T13:56,,,
550,Me corto el pelo? (Medio largo serÃ­a yo creo) como ahora con el moÃ±o bajo,Encuestas WhatsApp,Media,2024-01-24T20:25,,,
551,Solo puede quedar una,Encuestas WhatsApp,Media,2024-02-01T00:09,,,
552,cÃ³mo llamÃ¡is a la herramienta k taladra,Encuestas WhatsApp,Media,2024-02-06T23:45,,,
553,como lo llamÃ¡is,Encuestas WhatsApp,Media,2024-02-07T11:21,,,
554,"ğŸ—£ï¸ CHIQUIENCUESTA SIN RESPUESTA: PARA LA PASTA ğŸ, QUESO: ğŸ§€ ğŸ—£ï¸",Encuestas WhatsApp,Media,2024-02-12T14:33,,,
555,Cuando lanzaron la coca cola ZERO al mercado?,Encuestas WhatsApp,Media,2024-02-12T14:41,,,
556,Hija thothie o hijo gay?,Encuestas WhatsApp,Media,2024-02-12T15:05,,,
557,ğŸ¥° Feliz San ValentÃ­n ğŸ¥° (he estado indagando y el estudio mas reciente es: 2021) . Â¿QuÃ© PORCENTAJE de la POBLACIÃ“N ESPAÃ‘OLA tiene PAREJA? ğŸ‘«ğŸ»ğŸ‘­ğŸ»ğŸ‘¬ğŸ»ğŸ‘¨ğŸ½â€â¤ï¸â€ğŸ‘¨ğŸ»ğŸ’ğŸ¼ğŸ’‘ğŸ¼ğŸ§‘ğŸ»â€ğŸ¤â€ğŸ§‘ğŸ»ğŸ’–ğŸ’‹ğŸŒ¹ğŸ’—ğŸ’•ğŸ˜—ğŸ˜» ğŸš¨,Encuestas WhatsApp,Media,2024-02-14T14:28,,,
558,En que aÃ±o se hizo la primera rotonda en EspaÃ±a,Encuestas WhatsApp,Media,2024-03-06T20:00,,,
559,âœ‹,Encuestas WhatsApp,Media,2024-03-07T10:18,,,
560,como es,Encuestas WhatsApp,Media,2024-03-13T20:10,,,
561,another one,Encuestas WhatsApp,Media,2024-03-13T20:18,,,
562,Â¿Es hoy el DÃ­a de Ï€? ğŸ—“ï¸ ğŸš¨,Encuestas WhatsApp,Media,2024-03-14T11:26,,,
563,Lukas Graham -,Encuestas WhatsApp,Media,2024-03-21T10:22,,,
564,HabÃ©is probado la leche con 7up?,Encuestas WhatsApp,Media,2024-04-05T21:33,,,
565,Â¿CuÃ¡ntas canciones hay en Spotify aproximadamente?,Encuestas WhatsApp,Media,2024-04-17T12:49,,,
566,Â¿QuÃ© elementos de los siguientes âŒ NO âŒ aparecen en el primer vÃ­deo subido a Youtube? ğŸ“¹ ğŸš¨,Encuestas WhatsApp,Media,2024-04-21T13:25,,,
567,Â¿En que aÃ±o se subiÃ³ el primer video de YouTube? ğŸ—“ï¸ ğŸš¨,Encuestas WhatsApp,Media,2024-04-21T19:20,,,
568,"Cuantas reproducciones tiene ""CONTANDO LUNARES"" (redondeado",Encuestas WhatsApp,Media,2024-04-22T21:23,,,
569,"Â¿QuÃ© aÃ±o naciÃ³ el cantante y compositor colombiano Manuel Turizo .â€‹Principalmente conocido por su canciÃ³n Â«Una Lady como tÃºÂ», tema con el cual logrÃ³ obtener un gran reconocimiento internacional? ğŸ‘¨ğŸ½â€ğŸ¤ğŸª‡ğŸ«”ğŸ¥ ğŸš¨",Encuestas WhatsApp,Media,2024-04-24T12:15,,,
570,"Datos del 13 Febrero de 2022 - El *""_""%* de las criaturas que vienen al mundo en nuestro paÃ­s no lo hace mediante parto vaginal. ğŸ£ğŸ‘¶ğŸ»ğŸ¼ ğŸš¨",Encuestas WhatsApp,Media,2024-05-06T09:49,,,
571,*Atencion Pregunta* Â¿QuÃ© planeta/s del Sistema Solar son exclusivamente rocosos?,Encuestas WhatsApp,Media,2024-05-16T23:27,,,
572,Â¿En que aÃ±o en EspaÃ±a se considerÃ³ que cada persona debÃ­a contar con un DNI? Documento por el cual cada individuo debÃ­a ser legalmente identificado mediante un nÃºmero de ocho cifras acompaÃ±ado de una letra. ğŸ’³ğŸ†” ğŸš¨,Encuestas WhatsApp,Media,2024-05-25T14:25,,,
573,Domingo de pensar....... cÃ³mo se llama la ~ de la Ã‘ ?????,Encuestas WhatsApp,Media,2024-06-16T20:21,,,
574,"Redondeando, cuantos viajeros de tren ğŸš„ğŸšƒ hubo el aÃ±o pasadoâ¬…ï¸ en EspaÃ±a. (Millones)",Encuestas WhatsApp,Media,2024-06-28T22:22,,,
575,"Mi coche familiarğŸ‘¨â€ğŸ‘©â€ğŸ‘¦â€ğŸ‘¦, un precioso CitroÃ«n C8ğŸš˜ğŸš˜, tiene cerca de 150.000 km. Con esa distancia recorrida, cuantas vueltas a la tierra (a travÃ©s del una carretera imaginaria en la circunferencia EcuatorialğŸŒğŸŒ) se podrÃ­an haber realizado con estos kilometros?",Encuestas WhatsApp,Media,2024-08-21T02:47,,,
576,Las lentejas,Encuestas WhatsApp,Media,2024-10-18T18:33,,,
