id;pregunta;categoria;dificultad;fecha_creacion;fecha_mostrada;ruta_audio;ruta_imagen
1;"Todos hemos escuchado mil veces ""Sarandonga"", pero que día se va a comer el ""arroz con bacalao"" 🥘🚨";Encuestas WhatsApp;Media;2023-01-14T11:43;;;
2;¿Cuál de los siguientes instrumentos es un instrumento de *CUERDA PULSADA* 🪢💓🚨;Encuestas WhatsApp;Media;2023-01-14T13:55;;;
3;¿Cuál de estás palabras procede del Euskera? 🚨;Encuestas WhatsApp;Media;2023-01-15T15:35;;;
4;técnica culinaria que consiste en semicocinar alimentos sumergiendolos en agua hirviendo 💦💦 🚨;Encuestas WhatsApp;Media;2023-01-15T15:37;;;
5;La escala de Beaufort es una medida empirica de ls intensidad ... 📐 🚨;Encuestas WhatsApp;Media;2023-01-15T15:39;;;
6;por protocolo puedes llevar el primer botón de la camisa desabrochado con corbata 👔 🚨;Encuestas WhatsApp;Media;2023-01-15T15:41;;;
7;cuál de las siguientes combinaciones tortuga ninja- arma es *INCORRECTA* ⚔️🐢 🚨;Encuestas WhatsApp;Media;2023-01-15T15:45;;;
8;¿Cuántos grados son necesarios para que dos ángulos sean complementarios? 📐🚨;Encuestas WhatsApp;Media;2023-01-16T10:46;;;
9;ATENCIÓN PREGUNTA *BONUS* 🎭: ¿Cuál o cuáles de los siguientes organos *NO* forma parte del aparato digestivo? 🚨;Encuestas WhatsApp;Media;2023-01-16T19:01;;;
10;¿Cual es el mineral más abundante del núcleo de La Tierra? ⛏️🌍 🚨;Encuestas WhatsApp;Media;2023-01-17T09:49;;;
11;selecciona *SOLAMENTE* los colores primarios que se encuentran entre las siguientes opciones... 👨🏻‍🎨🧑🏻‍🎨 🚨;Encuestas WhatsApp;Media;2023-01-17T15:43;;;
12;¿Cuántos años duró la primera Guerra Mundial? 🪖🤼‍♂️ 🚨;Encuestas WhatsApp;Media;2023-01-18T08:43;;;
13;"¿De dónde es originaria la pieza de panadería de hojaldre conocida cómo ""Croissant""? 🥐 🚨";Encuestas WhatsApp;Media;2023-01-19T12:08;;;
14;¿Cuál de las siguientes opciones *NO* es una clasificación de verbos según su significado? 📖 🚨;Encuestas WhatsApp;Media;2023-01-20T09:33;;;
15;Una madre tiene 26 años más que su hijo , y dentro de 10 años tendrá el doble de años que su hijo . ¿Cuántos años tiene el hijo en la actualidad? 🤱🏽🔢 🚨;Encuestas WhatsApp;Media;2023-01-21T13:52;;;
16;La sabiduría popular dice que si te pasas echando sal dn tu guiso lo arreglaras echando... 🥔🧅 🚨;Encuestas WhatsApp;Media;2023-01-22T12:36;;;
17;hoy voy a comer a un restaurante especializado en trufas, ¿de que producto estamos hablando? 🧆 🚨;Encuestas WhatsApp;Media;2023-01-22T12:38;;;
18;"quién canta ""El Perdón"" junto a ""Nicky Jam"" 👨🏻‍🎤? 🚨";Encuestas WhatsApp;Media;2023-01-22T12:40;;;
19;"una ordenanza municipal en Sevilla en 2014 ordeno que no se puede "".............."" en la terraza de los bares👩🏻‍⚖️🚨";Encuestas WhatsApp;Media;2023-01-22T12:43;;;
20;¿Cuántas veces se puede restar 1 a la cifra 101? ➖🚨;Encuestas WhatsApp;Media;2023-01-22T12:45;;;
21;el sistema de matriculación actual entro en vigor el día 18 de septiembre de 2000, peroooo.... , ¿Cuál fue la primera matrícula de éste? 🚘 🚨;Encuestas WhatsApp;Media;2023-01-23T09:08;;;
22;¿Cuántos años son un Lustro? ⏳ 🚨;Encuestas WhatsApp;Media;2023-01-24T09:05;;;
23;"ATENCIÓN PREGUNTA *🎭BONUS🎭*: ¿Cuál o cuales de estos cantantes *NO* aparece/n junto a ""Bad Bunny"" el conejo malo 😈🐰 en alguna canción? 🎶🚨";Encuestas WhatsApp;Media;2023-01-24T14:35;;;
24;ATENCIÓN PREGUNTA ¿Cuál es la videoconsola más vendida de la historia? 🔝🎮 🚨;Encuestas WhatsApp;Media;2023-01-25T09:26;;;
25;En la tierra, por cada segundo que un objeto está en caida libre, su velocidad aumenta de media en... ⬇️💨 🚨;Encuestas WhatsApp;Media;2023-01-26T08:45;;;
26;¿Qué se inventó antes? 😯💭 🚨;Encuestas WhatsApp;Media;2023-01-27T10:25;;;
27;¿Qué se inventó después? 😯💭 🚨;Encuestas WhatsApp;Media;2023-01-27T10:26;;;
28;¿Hace cuánto se extinguieron los dinosaurios! 🦖🦕☄️⚰️☠️😯🚨;Encuestas WhatsApp;Media;2023-01-28T16:09;;;
29;¿Qué Isla tiene más habitantes? 🏖️ 🚨;Encuestas WhatsApp;Media;2023-01-29T14:32;;;
30;"Si estoy celebrando mis bodas de ""madera"", llevo ca""N""sado... 🤣🪵🚨";Encuestas WhatsApp;Media;2023-01-29T14:35;;;
31;Las auroras boreales, un fenómeno de la atmósfera, están relacionadas... ☄️✳️✴️⭐ 🚨;Encuestas WhatsApp;Media;2023-01-29T14:38;;;
32;¿Cuántos movimientos tiene la novena sinfonía de Beethoven 🎹🎹🎶🚨;Encuestas WhatsApp;Media;2023-01-29T14:40;;;
33;Pa' pasal.........  en el do' mil diecisei' 🐰😈🚨;Encuestas WhatsApp;Media;2023-01-29T14:42;;;
34;¿Cuántos pares de costillas tenemos por norma general? 🦴🦴🚨;Encuestas WhatsApp;Media;2023-01-30T12:07;;;
35;⠀⠀⠀⠀⠀⠀⠀⠀⠀;Encuestas WhatsApp;Media;2023-01-30T17:28;;;
36;¿Cuanto dura un cortometraje? 🎞️🚨;Encuestas WhatsApp;Media;2023-01-31T09:41;;;
37;¿Cuantos cromos salen en los sobres de Adrenalyn? ⚽✉️🙀🚨;Encuestas WhatsApp;Media;2023-01-31T15:40;;;
38;Como está aries en el ranking semanal;Encuestas WhatsApp;Media;2023-01-31T16:01;;;
39;Si ves esta ave la identificarás por la caracteristica cresta de plumas en su cabeza, ¿Cuál? 🐔🐓🚨;Encuestas WhatsApp;Media;2023-02-01T09:22;;;
40;Ayúdanos con este estudio estadístico! ¿Qué signo eres? ✨✨✨;Encuestas WhatsApp;Media;2023-02-01T18:20;;;
41;¿Qué es peor? 💩👎😓🚩🚨;Encuestas WhatsApp;Media;2023-02-01T19:44;;;
42;¿Que es peor? 🤷🤷‍♀️🤷‍♂️🚨;Encuestas WhatsApp;Media;2023-02-01T22:36;;;
43;"¿De dónde es KikiMotelaba, cantautor de temas cómo: *""Tigini""*? 👯👯‍♂️💃🕺🚨";Encuestas WhatsApp;Media;2023-02-02T09:36;;;
44;¿En que año se construyó la muralla romana de Lugo? 🇪🇸🐙🚨;Encuestas WhatsApp;Media;2023-02-02T16:31;;;
45;¿Qué altura tiene la *VIRGEN DEL PILAR* ⛪👼👱‍♀️👼🚨;Encuestas WhatsApp;Media;2023-02-03T08:13;;;
46;pregunta relativa al felino;Encuestas WhatsApp;Media;2023-02-03T16:06;;;
47;"*""TROLL BECINY EDITION""* ¿Cuál o cuáles de estas canciónes *no* pertenece al *""BILLIONS CLUB""*? 📀🕺🚨";Encuestas WhatsApp;Media;2023-02-04T19:33;;;
48;ATENCIÓN PREGUNTA #1: según los griegos ¿Quiénes son las divinidades inspiradoras de mas artes? 🇬🇷😍😍🚨;Encuestas WhatsApp;Media;2023-02-05T09:04;;;
49;ATENCIÓN PREGUNTA #2: El chucrut es un plato de col fermentada en ... 🥬🚨;Encuestas WhatsApp;Media;2023-02-05T09:07;;;
50;ATENCIÓN PREGUNTA #3: La sexta letra del alfabeto griego era ... 🇬🇷🔡🚨;Encuestas WhatsApp;Media;2023-02-05T09:09;;;
51;ATENCIÓN PREGUNTA #4: ¿Que animales llevan a cabo la gran migración del serengueti? 🦛🦌 🚨;Encuestas WhatsApp;Media;2023-02-05T09:11;;;
52;ATENCIÓN PREGUNTA #5: Qué es mayor... 🤪>>>>>>>> 🚨;Encuestas WhatsApp;Media;2023-02-05T09:15;;;
53;¿Cuál es el *SEGUNDO* río *MÁS LARGO* de Europa? 🏞️🚨;Encuestas WhatsApp;Media;2023-02-06T08:38;;;
54;¿Creeis que en algun momento los retrovisores laterales pasarán a ser camaritas pequeñas y habra dentro de los coches unas pantallitas? (si es que no lo están haciendo ya);Encuestas WhatsApp;Media;2023-02-06T17:05;;;
55;¿Qué *DOS* meses cominezan el mismo dia de la semana TODOS LOS AÑOS? 📆🫂📅 🚨;Encuestas WhatsApp;Media;2023-02-07T08:04;;;
56;"¿Cuál de estos 💡""FUN FACTS""💡 es *FALSO*!? 😨😨😱😱🤥🤥🤥🚨";Encuestas WhatsApp;Media;2023-02-08T10:41;;;
57;ATENCIÓN PREGUNTA 🚨;Encuestas WhatsApp;Media;2023-02-08T22:04;;;
58;¿Como aparecerá hoy Amador?;Encuestas WhatsApp;Media;2023-02-08T22:11;;;
59;¿Cuántas provincias forman la Comunidad Autónoma de Islas Baleares? 🏖️🏝️🚨;Encuestas WhatsApp;Media;2023-02-09T08:57;;;
60;¿De qué color tienen la piel los Osos Polares ? 🥶🖍️ 🚨;Encuestas WhatsApp;Media;2023-02-10T08:57;;;
61;El vidrio es (......) reciclable 🍾♻️🚨;Encuestas WhatsApp;Media;2023-02-11T09:22;;;
62;¿Cuál de estas partes de la CASTAÑUELA me la acabo de inventar impresionantemente? 🌰🌰🚨;Encuestas WhatsApp;Media;2023-02-12T12:35;;;
63;¿Cuál es la escritura valida? ✍🏽🚨;Encuestas WhatsApp;Media;2023-02-13T07:59;;;
64;La palabra Cádiz tiene su origen en los fenicios que fundaron la ciudad. Procede del término Gádir que significa... 🏢🇪🇦 🚨;Encuestas WhatsApp;Media;2023-02-13T08:00;;;
65;¿De qué color lleva el gorro un portero de waterpolo?  🤽🏽‍♂️ 🚨;Encuestas WhatsApp;Media;2023-02-13T08:00;;;
66;Movimiento de dilatación del corazón y arterias, cuando la sangre penetra en su cavidad: 🧛🏽‍♂️ 🩸 🚨;Encuestas WhatsApp;Media;2023-02-13T08:01;;;
67;Rosalio era un hombre muy elegante que siempre vestía con pantalón, camisa y chaleco. ¿Qué nombre recibe este conjunto? 🕴️🚨;Encuestas WhatsApp;Media;2023-02-13T08:06;;;
68;⠀⠀⠀⠀⠀⠀⠀⠀⠀;Encuestas WhatsApp;Media;2023-02-13T14:30;;;
69;Atención Pregunta, con quien se debería haber casado Berta “Sor Quisquilla”?;Encuestas WhatsApp;Media;2023-02-13T14:51;;;
70;ATENCIÓN PREGUNTA *❤️‍🔥 San Valentín Edition ❤️‍🔥*: ¿Qué sustancia química del cerebro se conoce también como la hormona del amor? 😍💓💥 🚨;Encuestas WhatsApp;Media;2023-02-14T09:28;;;
71;ATENCIÓN PREGUNTA *BONUS 🎭 ❤️‍🔥San Valentin Edition 💖*: ¿De quién era hijo Cúpido en la MITOLOGIA ROMANA? 🚨;Encuestas WhatsApp;Media;2023-02-14T16:43;;;
72;ATENCION NO PREGUNTA OFICIAL ¿Como se llama la propietaria de Ke Pedrolo? 🪨😍🚨;Encuestas WhatsApp;Media;2023-02-14T18:15;;;
73;¿Cuántas estrellas principales conforman la Osa Mayor? 🧸> 🚨;Encuestas WhatsApp;Media;2023-02-15T08:34;;;
74;⠀⠀⠀⠀⠀⠀⠀⠀⠀;Encuestas WhatsApp;Media;2023-02-15T09:43;;;
75;¿En cuántos cursos habéis suspendido 1 o más asignaturas (habéis tenido que realizar segunda matrícula, no cuantas matrículas, sino cuantos cursos aunque sean más de una matrícula) para el año siguiente?🚨;Encuestas WhatsApp;Media;2023-02-15T19:40;;;
76;⠀⠀⠀⠀⠀⠀⠀⠀⠀;Encuestas WhatsApp;Media;2023-02-15T22:13;;;
77;Pregunta de mañana:;Encuestas WhatsApp;Media;2023-02-15T22:29;;;
78;¿Cuál o cuáles de las siguientes canciones fueron lanzandas en el año 2012? 🗣️🎵🎶🚨;Encuestas WhatsApp;Media;2023-02-16T09:12;;;
79;⠀⠀⠀⠀⠀⠀⠀⠀⠀;Encuestas WhatsApp;Media;2023-02-16T10:22;;;
80;⠀⠀⠀⠀⠀⠀⠀⠀⠀;Encuestas WhatsApp;Media;2023-02-16T10:27;;;
81;🔙🔙;Encuestas WhatsApp;Media;2023-02-16T10:30;;;
82;"ATENCIÓN PREGUNTA 🎭 *BOOOONUS* 🎭: de las canciones mencionadas esta bonita mañana de Jueves... ¿Cuál o cuáles de ellas pertenecen al ""BILLIONS CLUB"" de Spotify (tienen 1 billón o mas de reproducciones en la plataforma) 🎶🎶🔊🔊🔝🔝 🚨";Encuestas WhatsApp;Media;2023-02-16T15:46;;;
83;Atención chiquipregunta: *astronaut in the ocean*...;Encuestas WhatsApp;Media;2023-02-16T15:58;;;
84;PREGUNTA NO OFICIAL: ¿plataforma streaming para comentar la noche de juegos?;Encuestas WhatsApp;Media;2023-02-16T17:30;;;
85;Cuántas cervezas bajo para jorge y para mí;Encuestas WhatsApp;Media;2023-02-16T21:12;;;
86;Cuanto de “mis cosas” bajo?;Encuestas WhatsApp;Media;2023-02-16T21:13;;;
87;¿A qué distancia de la superficie de la tierra empieza oficialmente el espacio exterior? 🌌🛰️ 🚨;Encuestas WhatsApp;Media;2023-02-17T08:01;;;
88;¿Cuál de estos animales tiene una mayor esperanza de vida? 🙏🔝🕊️ 🚨;Encuestas WhatsApp;Media;2023-02-18T11:03;;;
89;🗣️Atención chiquiencuesta sin respuesta: ¿Que hay más!??!! 🗣️;Encuestas WhatsApp;Media;2023-02-18T19:54;;;
90;os gusta RAW alejandro;Encuestas WhatsApp;Media;2023-02-19T01:27;;;
91;🗣️ ATENCIÓN Chiquiencuesta sin respuesta: Julieta Venegas ... 🗣️;Encuestas WhatsApp;Media;2023-02-19T02:44;;;
92;¿Cuál de estos animales es un marsupial? 🚨;Encuestas WhatsApp;Media;2023-02-19T11:51;;;
93;¿Cuántos policias por 100.000 ciudadanos hay en España? 👮👮👮‍♀️👮‍♀️👮‍♂️👮‍♂️👮‍♂️ 🇪🇦 🚨;Encuestas WhatsApp;Media;2023-02-19T11:53;;;
94;¿Cuál de estos alimentos NO lleva Arroz? 🍚🚨;Encuestas WhatsApp;Media;2023-02-19T11:55;;;
95;Es un palo del flamenco... 🎶🎵💃 🚨;Encuestas WhatsApp;Media;2023-02-19T11:57;;;
96;¿Con qué fiesta termina la celebración del nuevo año chino? ⛩️👲🥂 🚨;Encuestas WhatsApp;Media;2023-02-19T11:58;;;
97;Según las estadísticas oficiales, la media de distancia que recorre un jugador durante un partido es de... ⚽🏃🏽‍♂️💨 🚨;Encuestas WhatsApp;Media;2023-02-20T08:38;;;
98;🧘🏽‍♀️🧘🏼‍♀️ *ATENCIÓN PREGUNTA NO OFICIAL*  🧘🏼‍♀️🧘🏽‍♀️  ¿¿¿Cuántos tipos de té e infusiones hay en el cajón místico de esther y erin???;Encuestas WhatsApp;Media;2023-02-20T21:06;;;
99;¿Cuánto mide una puerta promedio? 🚪📐 🚨;Encuestas WhatsApp;Media;2023-02-21T08:48;;;
100;Quién es más monger;Encuestas WhatsApp;Media;2023-02-21T11:30;;;
101;Delirio de grandeza Top 3 Motomami's songs????;Encuestas WhatsApp;Media;2023-02-21T18:20;;;
102;¿Cuántas gotas equivalen a 1mL? 💦💧💦💧🚨;Encuestas WhatsApp;Media;2023-02-22T08:52;;;
103;ATENCIÓN PREGUNTA 🎭 BoOOOoooNuuuS 🎭 ¿Cuáles son los sabores primarios/básicos? 😋😋👅👅👅 🚨;Encuestas WhatsApp;Media;2023-02-22T16:55;;;
104;"🗣️ATENCIÓN CHIQUIENCUESTA SIN REPUESTA: ¿Recordais ""Ricola""? 🗣️";Encuestas WhatsApp;Media;2023-02-23T10:32;;;
105;¿Qué animal transmitio la enfermedad infecciosa conocida cómo la Peste Negra a los seres humanos? 😷🤒🏴 🚨;Encuestas WhatsApp;Media;2023-02-24T09:19;;;
106;*MEJOR ALBÚM DEL CONEJO MALO??* 🐰🐰;Encuestas WhatsApp;Media;2023-02-24T20:15;;;
107;*CON QUE ÁLBUM DE VEINTE VEINTIDÓS TE QUEDAS??*🐰 o 🍇;Encuestas WhatsApp;Media;2023-02-24T20:17;;;
108;El *afelio* de la Tierra es el punto de su órbita más alejado del Sol... ¿En qué mes se produce? 🌍↔️🌞 🚨;Encuestas WhatsApp;Media;2023-02-25T07:05;;;
109;¿Cuántos ángulos obtusos tiene un triángulo obtusángulo? 📐📏 🚨;Encuestas WhatsApp;Media;2023-02-26T11:53;;;
110;"aquí hay much@ ""Tinder@"" y así es muy facil meterla o que te la metan en caliente..., Pero antes los enamorados pelaban... 👨‍❤️‍👨👨‍❤️‍💋‍👨👩‍❤️‍💋‍👩💏💑👩‍❤️‍👨 🚨";Encuestas WhatsApp;Media;2023-02-26T11:53;;;
111;¿A qué especie de animal perteneció el megalodón? 🦈🐳 🚨;Encuestas WhatsApp;Media;2023-02-26T11:54;;;
112;"La palabra ""pero"" es una conjunción ¿De que tipo? 📖 🚨";Encuestas WhatsApp;Media;2023-02-26T11:54;;;
113;¿En qué parte del cuerpo se encuentra el bazo? 🩻 🚨;Encuestas WhatsApp;Media;2023-02-26T11:55;;;
114;Atención pregunta 🚨🚨: Tengo anginas para el finde!!???🤔🤔🫢😮‍💨;Encuestas WhatsApp;Media;2023-02-27T08:36;;;
115;¿Cuántos presidentes ha tenido en total la Democracia Española? ✊ 🇪🇸🚨;Encuestas WhatsApp;Media;2023-02-27T08:44;;;
116;⠀⠀⠀⠀⠀⠀⠀⠀⠀;Encuestas WhatsApp;Media;2023-02-27T13:25;;;
117;ATENCIÓN PREGUNTA 🎭 *BOOONUUUS* 🎭: ¿Qué artista tiene mas oyentes mensuales en Spotify en estos precisos instantes? 🔝🔝💥💥🎶👂👯‍♂️ 🚨;Encuestas WhatsApp;Media;2023-02-27T16:33;;;
118;Musicalmente hablando;Encuestas WhatsApp;Media;2023-02-27T19:33;;;
119;Sexualmente hablando;Encuestas WhatsApp;Media;2023-02-27T19:33;;;
120;De que sois?;Encuestas WhatsApp;Media;2023-02-27T22:08;;;
121;🫢🫢🫢🫢🫢🫢🫢🫢🫢🫢🫢🫢🫢;Encuestas WhatsApp;Media;2023-02-27T22:39;;;
122;¿EXITO MAS EFIMERO?;Encuestas WhatsApp;Media;2023-02-27T23:06;;;
123;ayuda no puedo elegir;Encuestas WhatsApp;Media;2023-02-27T23:15;;;
124;Si un artista del género viniese a ZGZ querría que fuese...;Encuestas WhatsApp;Media;2023-02-27T23:21;;;
125;"En la famosa frase ""Veni , vidi, vici"", ¿Que figura retórica utilizó Julio Cesa para dar más dramatismo? 📜✍️ 🚨";Encuestas WhatsApp;Media;2023-02-28T08:45;;;
126;CHIQUIENCUESTA esta vez CON RESPUESTA qué desconozco: El platano;Encuestas WhatsApp;Media;2023-02-28T19:44;;;
127;CHIQUIENCUESTA está vez con RESPUESTA qué desconozco: el kiwi...;Encuestas WhatsApp;Media;2023-02-28T19:45;;;
128;¿Cuál o Cuales de los siguientes idiomas son los oficiales de Suiza? 🗣️🇨🇭 🚨;Encuestas WhatsApp;Media;2023-03-01T08:47;;;
129;¿Cuántas patas tiene un bicho palo? 🪵🐾 🚨;Encuestas WhatsApp;Media;2023-03-01T14:40;;;
130;¿De qué material están hechos los billetes (de dinero)? 💷 🚨;Encuestas WhatsApp;Media;2023-03-02T09:07;;;
131;¿QUIÉN QUIERES QUE GANE? 😳😵 🚨;Encuestas WhatsApp;Media;2023-03-03T09:30;;;
132;¿Cuál es el nombre del proceso por el cual los insectos pasan de su estado larvario a adulto? 🪳🪲🦟🦗🐛🐜🐝🐞🕷️🦋 🚨;Encuestas WhatsApp;Media;2023-03-05T13:16;;;
133;¿En qué año se construyó la Torre Eiffel? 🗼🔧👷🏽‍♂️🚨;Encuestas WhatsApp;Media;2023-03-06T09:42;;;
134;*🚨 ATENCIÓN PREGUNTA: ¿Cúal de los siguientes territorios ocupaba el Imperio inca?*;Encuestas WhatsApp;Media;2023-03-06T17:23;;;
135;⠀⠀⠀⠀⠀⠀⠀⠀⠀;Encuestas WhatsApp;Media;2023-03-06T17:32;;;
136;"*🚨 ATENCIÓN PREGUNTA: 💸 EL PRECIO JUSTO 💸 de ""Kika superbruja y la espada mágica"" es... 🧐*";Encuestas WhatsApp;Media;2023-03-07T07:50;;;
137;Atención pregunta 🚨;Encuestas WhatsApp;Media;2023-03-07T21:59;;;
138;ATENCIÓN PREGUNTA🚨 ¿que pie calza raw alejandro?;Encuestas WhatsApp;Media;2023-03-07T22:55;;;
139;*🚨ATENCIÓN PREGUNTA: ¿Cúal es el país más poblado de África? 🚨*;Encuestas WhatsApp;Media;2023-03-08T08:20;;;
140;Tía Marta tiene razón?;Encuestas WhatsApp;Media;2023-03-08T10:52;;;
141;*🚨ATENCIÓN PREGUNTA: ¿Cúal es la octava letra del alfabeto griego?🚨*;Encuestas WhatsApp;Media;2023-03-08T18:05;;;
142;*🚨ATENCIÓN PREGUNTA: Ayer celebramos el Día de la Mujer pero... ¿Cuándo se celebra el día de la croqueta?🚨*;Encuestas WhatsApp;Media;2023-03-09T11:12;;;
143;*🚨ATENCIÓN PREGUNTA: ¿Cuál es la ciudad española con más semáforos por habitante?🚦🚨*;Encuestas WhatsApp;Media;2023-03-09T15:26;;;
144;🗣️ CHIQUIENCUESTA CON RESPUESTA EL VILLAREAL PODRÍA DAR LA SORPRESA HOY? 🗣️;Encuestas WhatsApp;Media;2023-03-09T21:08;;;
145;ATENCIÓN PREGUNTA que me apetece hacer, enano manda tu una igualmente: ¿Quién tiene mas oyentes mensuales en Spotify? 👂👂👂 🚨;Encuestas WhatsApp;Media;2023-03-10T08:53;;;
146;*ATENCIÓN PREGUNTA: Los seres humanos tenemos 5 miedos comunes (científicamente demostrado). ¿Cuáles de los siguientes miedos no pertenecen a esos 5 miedos comunes?;Encuestas WhatsApp;Media;2023-03-10T09:14;;;
147;Quién es más guarro;Encuestas WhatsApp;Media;2023-03-10T13:38;;;
148;mayor patrimonio zaragozana;Encuestas WhatsApp;Media;2023-03-10T22:36;;;
149;*🚨ATENCIÓN PREGUNTA: ¿Cuál es el gentilicio de Madagascar? 🇲🇬🚨*;Encuestas WhatsApp;Media;2023-03-11T10:33;;;
150;Fieletes empanados;Encuestas WhatsApp;Media;2023-03-11T15:22;;;
151;¿Comenzamos tiemporada #4 este Lunes?;Encuestas WhatsApp;Media;2023-03-11T15:46;;;
152;ENCUESTA EXTRAOFICIAL🧚🏻‍♀️ ¿quién ganará el futbolin?;Encuestas WhatsApp;Media;2023-03-11T22:37;;;
153;⠀⠀⠀⠀⠀⠀⠀⠀⠀;Encuestas WhatsApp;Media;2023-03-11T23:03;;;
154;*🚨ATENCIÓN PREGUNTA: ¿Cuál es el nombre científico del jaguar?🚨*;Encuestas WhatsApp;Media;2023-03-12T11:56;;;
155;*🚨ATENCIÓN PREGUNTA: ¿Quién es el Dios del Sol griego?🚨*;Encuestas WhatsApp;Media;2023-03-12T11:57;;;
156;*🚨ATENCIÓN PREGUNTA: En el mundo Pokémon... ¿Contra qué tipo es débil el Tipo Psíquico?🚨*;Encuestas WhatsApp;Media;2023-03-12T12:00;;;
157;*🚨ATENCIÓN PREGUNTA: ¿Qué canción ha escuchado más Betzini durante su vida?🚨*;Encuestas WhatsApp;Media;2023-03-12T12:01;;;
158;*🚨ATENCIÓN PREGUNTA: Un estudio concluyó la siguiente pregunta... ¿Qué hay más?;Encuestas WhatsApp;Media;2023-03-12T12:06;;;
159;De los miedos que menciono Betziny, ¿Cuál dirías que es el mayor de los tuyos? 😱;Encuestas WhatsApp;Media;2023-03-13T00:10;;;
160;*🚨 ATENCIÓN PREGUNTA #1: ¿Cuál es/fue la red social con la mayor cantidad de usuarios activos diarios a nivel mundial en 2022? 👫🌐☝️🔝👬 🚨*;Encuestas WhatsApp;Media;2023-03-13T08:36;;;
161;HOMBRE;Encuestas WhatsApp;Media;2023-03-13T13:44;;;
162;At. Pregunta! Que palabra se repite más en el quijote;Encuestas WhatsApp;Media;2023-03-13T20:57;;;
163;Pregunta de mañana;Encuestas WhatsApp;Media;2023-03-13T22:13;;;
164;Mientras planto el moji moji mañanero va;Encuestas WhatsApp;Media;2023-03-14T08:12;;;
165;ATENCIÓN PREGUNTA #2: ¿Cuál de las siguientes opciones es considerada la principal causa de muerte a nivel mundial? ⚰️🥀 🚨;Encuestas WhatsApp;Media;2023-03-14T08:29;;;
166;troll beciny estudiará;Encuestas WhatsApp;Media;2023-03-14T17:27;;;
167;"ATENCIÓN PREGUNTA #3: ¿Cuál es el porcentaje mínimo de cacao que debe contener el chocolate negro para ser considerado ""chocolate negro""? 🍫🖤 🚨";Encuestas WhatsApp;Media;2023-03-15T08:46;;;
168;¿Cuál es el proceso de fabricación MÁS COMÚN de las sillas de plástico? 💺🦽🦼🪑 🚨;Encuestas WhatsApp;Media;2023-03-15T15:58;;;
169;ATENCIÓN PREGUNTA #5: ¿Cuánto tiempo gesta aproximadamente una elefanta a su cria? 🐘💨👶🏼 🚨;Encuestas WhatsApp;Media;2023-03-16T08:46;;;
170;Creéis que el Alfa será tan putero cómo dice serlo?;Encuestas WhatsApp;Media;2023-03-16T09:26;;;
171;ATENCIÓN PREGUNTA #6: ¿Cuál es el elemento más abundante en el universo? 🌌➕🌌➕ 🚨;Encuestas WhatsApp;Media;2023-03-17T08:43;;;
172;⠀⠀⠀⠀⠀⠀⠀⠀⠀;Encuestas WhatsApp;Media;2023-03-17T09:32;;;
173;¿Cuál es la cantidad de agua dulce disponible en La Tierra? 🍭🌧️ 🚨;Encuestas WhatsApp;Media;2023-03-18T07:29;;;
174;ATENCIÓN PREGUNTA #8: ¿Qué ciudad fue declarada Patrimonio Cultural de la Humanidad por la UNESCO en 1987 por su arquitectura colonial española y sus sitios arqueológicos precolombinos? 🧫🇪🇸👨🏼‍💼🚨;Encuestas WhatsApp;Media;2023-03-19T12:05;;;
175;¿Cuál es el ingrediente común en la mayoría de las pastas de dientes que ayuda a prevenir la caries dental? 🪥✅ 🚨;Encuestas WhatsApp;Media;2023-03-19T12:06;;;
176;¿Cuál es la forma correcta de escribir ............? ✍️✍️✍️✍️✍️ 🚨;Encuestas WhatsApp;Media;2023-03-19T12:09;;;
177;ATENCIÓN PREGUNTA #11: ¿Qué país es el principal productor de café del mundo? ☕🛠️ 🚨;Encuestas WhatsApp;Media;2023-03-19T12:10;;;
178;¿Cuál fue el origen geográfico de la invención de la rueda? 💡🛞🧭 🚨;Encuestas WhatsApp;Media;2023-03-19T12:13;;;
179;"Burger King a la parrilla desde ""...."" 🍔🚨";Encuestas WhatsApp;Media;2023-03-20T08:49;;;
180;"ATENCIÓN PREGUNTA #14: ¿Cuál es el significado de la palabra ""sesquipedalofobia""? 😨😱 🚨";Encuestas WhatsApp;Media;2023-03-21T09:02;;;
181;RESPECTO AL FUNCIONAMIENTO Y GESTIÓN DE LAS PREGUNTAS DIARIAS:;Encuestas WhatsApp;Media;2023-03-21T15:30;;;
182;RESPECTO AL FUNCIONAMIENTO Y GESTIÓN DE LAS PREGUNTAS DIARIAS a raiz del descontento generalizado...;Encuestas WhatsApp;Media;2023-03-21T15:38;;;
183;🎭 ATENCIÓN PREGUNTA 🎭 BONUS 🎭: ¿A qué se refiere el octanaje de la gasolina? ⛽ 🎭🚨;Encuestas WhatsApp;Media;2023-03-21T16:21;;;
184;empezáis todos los días con la misma palabra?;Encuestas WhatsApp;Media;2023-03-22T08:54;;;
185;"¿Cuál o cuáles de las siguientes marcas NO son filiales de la empresa ""LVMH""? 🤑🥻🎀👔🏷️🚨";Encuestas WhatsApp;Media;2023-03-22T09:03;;;
186;"¿Cuántos kilómetros tiene el camino de Santiago ""aproximadamente""? (El más largo) 🛣️🐚🚶🏽‍♂️ 🚨";Encuestas WhatsApp;Media;2023-03-23T09:22;;;
187;¿Cuál o cuáles de los siguientes estados de Estados Unidos tienen una superficie(m²) mayor a España? 🇺🇸 > 🇪🇸 🚨;Encuestas WhatsApp;Media;2023-03-24T05:26;;;
188;¿Cuántos tipos de glándulas sudoríparas hay en el cuerpo humano? 🥵🥵🥵 🚨;Encuestas WhatsApp;Media;2023-03-25T08:11;;;
189;El otro día aprendimos que existen dos glándulas sudoríparas, Las Apocrinas y Las Ecrinas, peeeero... ¿Cuáles son las que producen un olor desagradable? 🥵👃🤢 🚨;Encuestas WhatsApp;Media;2023-03-26T14:38;;;
190;¿Cuál de los siguientes elementos químicos es más ligero? 🪶 🚨;Encuestas WhatsApp;Media;2023-03-26T14:39;;;
191;¿Qué animal es el único que no puede saltar de forma natural? 🚧 🚨;Encuestas WhatsApp;Media;2023-03-26T14:40;;;
192;LAS CEBRAS SON... 🦓 🚨;Encuestas WhatsApp;Media;2023-03-26T14:41;;;
193;¿Cuál es la distancia exacta desde la Tierra hasta la estrella más cercana a nuestro sistema solar, Proxima Centauri? 🌍🔛🌟 🚨;Encuestas WhatsApp;Media;2023-03-26T14:47;;;
194;¿Cuál es el árbol más antiguo del mundo? 🌲👴🏽 🚨;Encuestas WhatsApp;Media;2023-03-27T07:32;;;
195;"La regla general dice que cualquier extranjero que haya vivido en España con su permiso de residencia ininterrumpidamente durante ""......."" podrá obtener la ciudadanía española por residencia. 🇲🇦🔪🇪🇸... 🚨";Encuestas WhatsApp;Media;2023-03-28T09:18;;;
196;ATENCIÓN PREGUNTA #27: ¿Cuál fue el orden cronológico correcto de los filósofos griegos Sócrates, Platón y Aristóteles en relación a sus fechas de nacimiento? 🐣🗣️💭 🚨;Encuestas WhatsApp;Media;2023-03-29T08:47;;;
197;Mujeres;Encuestas WhatsApp;Media;2023-03-29T16:06;;;
198;*BEREAL DIARIO*;Encuestas WhatsApp;Media;2023-03-29T16:55;;;
199;SI ACIERTAS LA HORA EXACTA;Encuestas WhatsApp;Media;2023-03-29T17:12;;;
200;ATENCIÓN PREGUNTA #28: ¿Cuál fue el primer animal en ser enviado al espacio? 🚀🌌 🚨;Encuestas WhatsApp;Media;2023-03-30T09:23;;;
201;*me voy a la lambeta con la superprimi?*;Encuestas WhatsApp;Media;2023-03-30T09:51;;;
202;Hago el reconocimiento médico del trabajo?😐🥵😮;Encuestas WhatsApp;Media;2023-03-30T10:37;;;
203;ATENCIÓN PREGUNTA 🎭 BONUS 🎭: ¿Cuál o cuáles de estos paÍses de América del Sur NO comparten frontera con Brasil? ❌🫂🇧🇷 🚨;Encuestas WhatsApp;Media;2023-03-30T16:20;;;
204;Cuantas copas lleva nuestra querida rorri?;Encuestas WhatsApp;Media;2023-03-30T22:36;;;
205;"¿Cuántas camisetas se pusó ""TED HASTINGS"" el dia que batió el Record Guiness de más camisetas puestas al mismo tiempo? 👕🏆🎉 🚨";Encuestas WhatsApp;Media;2023-03-31T08:28;;;
206;APOCALIPSI (ultimas);Encuestas WhatsApp;Media;2023-03-31T08:37;;;
207;APOCALIPSI (1ª tanda);Encuestas WhatsApp;Media;2023-03-31T08:42;;;
208;Te cruzas a un conocido por la calle;Encuestas WhatsApp;Media;2023-03-31T20:25;;;
209;ATENCIÓN PREGUNTA #30: ¿Cómo se apellida Phineas de Phineas y Ferb? 🧑🏻‍🦰📐🛠️ 🚨;Encuestas WhatsApp;Media;2023-04-01T12:40;;;
210;Tortellini;Encuestas WhatsApp;Media;2023-04-01T20:23;;;
211;Mueve el culo 🍑 y gora🙌 ...;Encuestas WhatsApp;Media;2023-04-01T21:26;;;
212;¿Cuál es la diferencia entre un huracán y un tifón? 🌬️🍃🏚️ 🚨;Encuestas WhatsApp;Media;2023-04-02T10:19;;;
213;"¿Cuál de los siguientes escritores NO es considerado parte del movimiento literario conocido como ""La Generación del 27""? ❌✍️2️⃣7️⃣❌ 🚨";Encuestas WhatsApp;Media;2023-04-02T10:21;;;
214;"¿En qué año se comenzó la famosa pintura de Leonardo da Vinci, ""La Última Cena""? 🍽️🍽️🍽️🍽️🍽️🍽️🍽️🍽️🍽️🍽️🍽️🍽️ 🚨";Encuestas WhatsApp;Media;2023-04-02T10:22;;;
215;"¿Cual o Cuales de las siguientes palabras se ha sacado ""Espi"" de la manga? 🤭 🚨";Encuestas WhatsApp;Media;2023-04-02T10:25;;;
216;"¿Cuál es la medida de una cama tamaño ""King Size"" en la mayoría de los países de habla hispana? 🛏️👑 🚨";Encuestas WhatsApp;Media;2023-04-02T10:29;;;
217;¿Qué artista ganó el premio Grammy al Álbum del Año en la ceremonia de 2021? 🎙️🏆 🚨;Encuestas WhatsApp;Media;2023-04-03T09:58;;;
218;¿Cuál fue el primer mensaje transmitido por radio a larga distancia? 🗣️📻                            🧏🏽 🚨;Encuestas WhatsApp;Media;2023-04-04T09:44;;;
219;"Todos conocemos el termino ""METER A GÜIRO""... peroooo ¿Qué significa? 😳😈🙈 🚨";Encuestas WhatsApp;Media;2023-04-05T10:12;;;
220;¿Qué compuesto químico es responsable del olor característico de la lluvia después de una sequía prolongada? 🚨;Encuestas WhatsApp;Media;2023-04-07T21:56;;;
221;¿Cuál de estos animales acuáticos es el más rápido? 🐠💨 🚨;Encuestas WhatsApp;Media;2023-04-08T17:50;;;
222;¿Cuál fue el resultado de la Batalla de Stalingrado durante la Segunda Guerra Mundial? 🪖⚔️🪖 🚨;Encuestas WhatsApp;Media;2023-04-08T17:51;;;
223;¿Cuál es la teoría más aceptada sobre la formación de los agujeros negros? 💫🕳️✨ 🚨;Encuestas WhatsApp;Media;2023-04-08T17:51;;;
224;¿Cuál es el material más fuerte del mundo? 💪🌎 🚨;Encuestas WhatsApp;Media;2023-04-08T17:52;;;
225;¿Cuál es la razón PRINCIPAL detrás de la disminución de la población de abejas en todo el mundo? 🐝☠️ 🚨;Encuestas WhatsApp;Media;2023-04-08T17:53;;;
226;Si Usain Bolt tarda 9,58 segundos en recorrer 100 metros, ¿Cuánto tardará en recorrer un hectómetro? ⛳    🏃🏿💨  🚨;Encuestas WhatsApp;Media;2023-04-09T16:13;;;
227;Si le vas a decir a alguien que es tu peor enemigo hazlo bien y dile que es tu.... 😤😠😡 🚨;Encuestas WhatsApp;Media;2023-04-10T09:14;;;
228;...... gorgorito;Encuestas WhatsApp;Media;2023-04-10T15:20;;;
229;¿Cuál es la capa de la uña que proporciona la fuerza y la protección para la uña? 💅🏽🛡️            💥🔫  🚨;Encuestas WhatsApp;Media;2023-04-11T09:21;;;
230;Jamon;Encuestas WhatsApp;Media;2023-04-11T10:27;;;
231;PUNTO A BABU;Encuestas WhatsApp;Media;2023-04-11T20:49;;;
232;¿Cuál es la causa PRINCIPAL de que las palomitas de maíz exploten al calentarse? 🍿💥 🚨;Encuestas WhatsApp;Media;2023-04-12T10:51;;;
233;ATENCIÓN PREGUNTA 🎭 BONUS 🎭: ¿Qué país/territorio tiene la moneda más cara del mundo? 🤑🤑🤑🪙🪙🪙🪙 🚨;Encuestas WhatsApp;Media;2023-04-12T16:07;;;
234;mi amor, a las dos paso a x ti;Encuestas WhatsApp;Media;2023-04-12T23:31;;;
235;¿Cuál es la estructura celular que se encarga de la producción de energía en las células eucariotas? 🦠🦠🦠🦠🦠🦠🥼🥼🥼🥼🥼 🚨;Encuestas WhatsApp;Media;2023-04-13T09:00;;;
236;¿Cuál de los siguientes planetas tiene la temperatura más alta en su superficie? 🫠🫠🫠🚨;Encuestas WhatsApp;Media;2023-04-13T09:01;;;
237;¿En que articulo de la constitucion española se regula la libertad de expresion? 🗣️ 👍  🚨;Encuestas WhatsApp;Media;2023-04-13T09:02;;;
238;Una golondrina no hace... 🕊️👎 🚨;Encuestas WhatsApp;Media;2023-04-13T09:03;;;
239;¿Cómo se llama la parte del cuerpo donde se juntan dos o más huesos? 🦴🧲🦴 🚨;Encuestas WhatsApp;Media;2023-04-13T09:04;;;
240;¿Cuál es la estructura cerebral responsable del control del movimiento y la coordinación muscular? 🎬💪 🚨;Encuestas WhatsApp;Media;2023-04-13T09:08;;;
241;¿Cómo se llama el efecto que produce el arcoíris? 🌈🌈🌈🌈 🚨;Encuestas WhatsApp;Media;2023-04-13T09:11;;;
242;Cul es la canción más escuchadas de un verano sin ti...;Encuestas WhatsApp;Media;2023-04-13T10:07;;;
243;"LA ""Maná - Labios Compartidos ¿Reference/Sample/Cita/Reprise?""";Encuestas WhatsApp;Media;2023-04-13T18:38;;;
244;¿Cuantas habitaciones tiene vuestra casa [contando el salon (la cocina y el/los baños no son habitaciones)]?;Encuestas WhatsApp;Media;2023-04-13T22:38;;;
245;*ATENCIÓN PREGUNTA: Betzini se encuentra en medio de su examen de Historia de España cuando de repente... ¡SE QUEDA SIN TINTA! ¿Cuánto ha usado Betzini su bolígrafo _Bic_ para que esto haya ocurrido?* 🚨;Encuestas WhatsApp;Media;2023-04-14T08:42;;;
246;this song?;Encuestas WhatsApp;Media;2023-04-14T08:58;;;
247;Ceky Vicini(xd) -;Encuestas WhatsApp;Media;2023-04-14T09:09;;;
248;*PARA LA PREGUNTA DE MAÑANA...*;Encuestas WhatsApp;Media;2023-04-14T20:26;;;
249;*ATENCIÓN PREGUNTA: En el universo DC Comics, ¿cuál es el alias del siguiente personaje? 🏹* 🚨;Encuestas WhatsApp;Media;2023-04-15T11:30;;;
250;*ATENCIÓN PREGUNTA: Se entiende por ... la ingestión voluntaria de heces* 🚨;Encuestas WhatsApp;Media;2023-04-15T15:01;;;
251;"*ATENCIÓN PREGUNTA: Debido a su alto coeficiente intelectual, Deividinho inventa una máquina del tiempo y viaja al pasado. Tras mucho tiempo allí, le apetece ""echar un kiki"". ¿Cuál de los siguientes antiguos ""métodos anticonceptivos"" no existía?* 🚨";Encuestas WhatsApp;Media;2023-04-16T10:19;;;
252;*PARA LA PREGUNTA DE MAÑANA... 🤔*;Encuestas WhatsApp;Media;2023-04-16T22:47;;;
253;*ATENCIÓN PREGUNTA: ¿Dónde fue lanzado más tarde el famoso videojuego Tetris?* 🚨;Encuestas WhatsApp;Media;2023-04-17T07:36;;;
254;*ATENCIÓN PREGUNTA: ¿Dónde se usó por primera vez la silla eléctrica como método de ejecución?* 🚨;Encuestas WhatsApp;Media;2023-04-17T07:37;;;
255;*ATENCIÓN PREGUNTA: En el Paleolítico Medio encontrabamos grupos de Homo neanderthalensis (Neandertales) en la Península Ibérica, ¿dónde habitaron los últimos grupos antes de su extinción?* 🚨;Encuestas WhatsApp;Media;2023-04-17T07:38;;;
256;*ATENCIÓN PREGUNTA: ¿Dónde entramos menos vitamina D?* 🚨;Encuestas WhatsApp;Media;2023-04-17T07:39;;;
257;*ATENCIÓN PREGUNTA: ¿Dónde murió el pequeño Bobby Johnson?* 👶🏻🕊️🚨;Encuestas WhatsApp;Media;2023-04-17T07:40;;;
258;*ATENCIÓN PREGUNTA: ¿Cuántos poemas contiene el Romancero Gitano?* ✍🏼 🚨;Encuestas WhatsApp;Media;2023-04-18T09:20;;;
259;*ATENCIÓN PREGUNTA: ¿Cuál de estas localidades de nuestro país me acabo de sacar de la manga?*🚨;Encuestas WhatsApp;Media;2023-04-19T09:10;;;
260;*ATENCIÓN PREGUNTA: ¿Qué actividad realizaba de pequeño Mauricio Colmenero?* 🚨;Encuestas WhatsApp;Media;2023-04-20T08:29;;;
261;🤢👎;Encuestas WhatsApp;Media;2023-04-20T09:42;;;
262;"Hoy se cumplen 5 años de la publicación del reconocido album de c.tangana ""Avida dollars"". Canción favorita!?";Encuestas WhatsApp;Media;2023-04-20T12:26;;;
263;👍 o 👎;Encuestas WhatsApp;Media;2023-04-20T15:07;;;
264;*ATENCIÓN PREGUNTA: El suplicio de Tántalo es...* 🚨;Encuestas WhatsApp;Media;2023-04-21T08:23;;;
265;Como es la marca:;Encuestas WhatsApp;Media;2023-04-21T11:20;;;
266;*ATENCIÓN PREGUNTA: ¿Cuál fue el castigo de Ixión?* 🚨;Encuestas WhatsApp;Media;2023-04-22T10:44;;;
267;🚨🚨🚨🚨🚨🚨🚨🚨🚨;Encuestas WhatsApp;Media;2023-04-22T14:18;;;
268;*ATENCIÓN PREGUNTA: Polaris - Saiko cuenta con...* 🚨;Encuestas WhatsApp;Media;2023-04-23T10:34;;;
269;*ATENCIÓN PREGUNTA: ¿Con cuántas canciones cuenta YHLQMDLG?* 🚨;Encuestas WhatsApp;Media;2023-04-23T10:35;;;
270;*ATENCIÓN PREGUNTA: Hace dos días entro una canción al Billions Club, ¿cuál es esta?* 🚨;Encuestas WhatsApp;Media;2023-04-23T10:36;;;
271;*ATENCIÓN PREGUNTA: ¿Qué canción está más arriba en el Top 50: Global?* 🚨;Encuestas WhatsApp;Media;2023-04-23T10:37;;;
272;*ATENCIÓN PREGUNTA: ¿Qué día salió Shakira: Bzrp Music Sessions, Vol.53?* 🚨;Encuestas WhatsApp;Media;2023-04-23T10:38;;;
273;Prefeririais ser;Encuestas WhatsApp;Media;2023-04-24T00:37;;;
274;Ab?;Encuestas WhatsApp;Media;2023-04-24T21:41;;;
275;*ATENCIÓN PREGUNTA #1 Cuál de las siguientes opciones es CORRECTA sobre la relación histórica entre Navarra y Aragón?*;Encuestas WhatsApp;Media;2023-04-25T08:15;;;
276;Atención pregunta! Quién es más gitano?;Encuestas WhatsApp;Media;2023-04-25T14:59;;;
277;*ATENCIÓN PREGUNTA: Las películas Disney son conocidas por ser conmovedoras, divertidas y, la gran mayoría, muy musicales pero... ¿cuál de las siguientes películas tiene MÁS NÚMEROS MUSICALES (tanto cantados como instrumentales)?* 🚨;Encuestas WhatsApp;Media;2023-04-26T08:03;;;
278;¿LAS PERSONAS CAMBIAN?;Encuestas WhatsApp;Media;2023-04-26T17:37;;;
279;ATENCION PREGUNTA🚨Convierta el número Decimal 155 en Hexadecimal.;Encuestas WhatsApp;Media;2023-04-27T08:16;;;
280;*ATENCIÓN PREGUNTA* 🚨 *¿Quien gano el mundial de ajedrez en el año 1981?*♟️;Encuestas WhatsApp;Media;2023-04-30T08:56;;;
281;*ATENCIÓN PREGUNTA* 🚨 *Cuánto peso el mango 🥭 mas grande del mundo?*;Encuestas WhatsApp;Media;2023-04-30T08:57;;;
282;*ATENCIÓN PREGUNTA* 🚨 *¿Cuantos kilómetros tiene la caminata más larga que se puede realizar andando?*;Encuestas WhatsApp;Media;2023-04-30T08:58;;;
283;*ATENCIÓN PREGUNTA* 🚨 *¿Cual de las siguientes especies se extinguió hace más de 100 años?*☠️;Encuestas WhatsApp;Media;2023-04-30T09:00;;;
284;ATENCIÓN PREGUNTA 🚨 Como muchos sabréis, pertenezco a la mejor y más mística tierra que existe, así que para que la conozcáis un poco mejor vais a señalarme CUAL de las siguientes afirmaciones sobre GALICIA es FALSA:;Encuestas WhatsApp;Media;2023-05-01T08:06;;;
285;ATENCIÓN PREGUNTA🚨 ¿Cuál fue el tema de la MET GALA en 2018 y quiénes fueron los anfitriones?;Encuestas WhatsApp;Media;2023-05-02T11:21;;;
286;Resulta que el 3 de mayo es un día especial 🥰en el que se festeja(n) ¿cuál o cuáles de los siguientes días internacionales/mundiales? 🤔🌏🥳;Encuestas WhatsApp;Media;2023-05-03T07:48;;;
287;*ATENCION PREGUNTA¡!¡!* Según su fase de vida ¿ Que tipo de estrella es el sol actualmente?;Encuestas WhatsApp;Media;2023-05-04T06:47;;;
288;Atención pregunta q me hago en la cabeza;Encuestas WhatsApp;Media;2023-05-05T18:08;;;
289;*ATENCIÓN PREGUNTA: ¿Cuál o cuáles de las siguientes afirmaciones son verdaderas sobre LA CUARTA DIMENSIÓN?* 🚨;Encuestas WhatsApp;Media;2023-05-08T07:49;;;
290;*ESTHER...*;Encuestas WhatsApp;Media;2023-05-08T17:46;;;
291;-1 betzini por esta basura;Encuestas WhatsApp;Media;2023-05-08T17:47;;;
292;*GOOGLEAR*;Encuestas WhatsApp;Media;2023-05-08T17:55;;;
293;*ATENCION PREGUNTA*🚨           ¿De cual o cuáles de estos vegetales nos comemos la raíz?;Encuestas WhatsApp;Media;2023-05-10T09:27;;;
294;🎭🎭🏆* PREGUNTA BONUS* 🏆🎭🎭🚨                                               ¿*CUALES* de estos equipos consiguieron conquistar también la Recopa de Europa?;Encuestas WhatsApp;Media;2023-05-10T16:11;;;
295;Donde se encontró y como de grande (de altura) es la amatista mas grande del mundo?;Encuestas WhatsApp;Media;2023-05-11T08:26;;;
296;ATENCIÓN PREGUNTA🚨 Que dato es falso en el Mundial de Fútbol 1966;Encuestas WhatsApp;Media;2023-05-12T11:59;;;
297;"🗣️🎧 *ATENCIÓN CHIQUIENCUESTA SIN RESPUESTA*: ¿Favorita de ""LAGRIMAS PA OTRO DIA"" - DELLFAFUENTE? 🎧🗣️";Encuestas WhatsApp;Media;2023-05-12T18:52;;;
298;ATENCIÓN PREGUNTA🚨 ¿Cuál es el único planeta que gira en el sentido a las agujas del reloj?;Encuestas WhatsApp;Media;2023-05-13T05:37;;;
299;¿Hoy tierra? 🌯;Encuestas WhatsApp;Media;2023-05-13T13:24;;;
300;🗣 *CHIQUIENCUESTA SIN RESPUESTA:* ¿Vuestras familias (yayos sobretodo o inclusive ustedes) dicen/decís: ....?;Encuestas WhatsApp;Media;2023-05-13T15:03;;;
301;ATENCIÓN PREGUNTA 🚨 ¿CUÁL DE LOS SIGUIENTES DATOS SOBRE LOS T-REX ES FALSO?;Encuestas WhatsApp;Media;2023-05-14T11:05;;;
302;ATENCIÓN PREGUNTA BONUS 🚨 SACAD VUESTRAS CALCULADORAS.  ¿CUÁL ES EL GASTO QUE INÉS DEBERÁ IMPUTAR COMO GASTO DEDUCIBLE POR LA COMPRA DE LA MESA DE MEZCLAS?;Encuestas WhatsApp;Media;2023-05-14T13:34;;;
303;Puntuación;Encuestas WhatsApp;Media;2023-05-14T14:26;;;
304;???;Encuestas WhatsApp;Media;2023-05-14T17:50;;;
305;??;Encuestas WhatsApp;Media;2023-05-14T18:20;;;
306;te comerías el plátano de esther?;Encuestas WhatsApp;Media;2023-05-14T18:25;;;
307;Más top ahora mismo;Encuestas WhatsApp;Media;2023-05-14T23:19;;;
308;Que prefieres, tu que me entiendes;Encuestas WhatsApp;Media;2023-05-14T23:30;;;
309;Tu que me entiende, que prediere;Encuestas WhatsApp;Media;2023-05-14T23:31;;;
310;*!atención pregunta!* Cuál es la comida favorita de Shrek y Fiona?;Encuestas WhatsApp;Media;2023-05-15T14:04;;;
311;Según la Real Academia Española ¿Cuál es el plural de Sofá? 🛋️x2 🚨;Encuestas WhatsApp;Media;2023-05-16T10:19;;;
312;¿Qué canción de los Gipsy Kings cuenta con más reproducciones en Spotify? (Si alguien necesita escuchar alguna porque no cae por el nombre que me lo pida) 🎸🎸🎸🎸💃🏽💃🏽💃🏽🇪🇸🇪🇸🦩🦩🦩🚨;Encuestas WhatsApp;Media;2023-05-16T10:20;;;
313;¿Qué porcentaje (aproximado) de la población mundial vive en ciudades?  🏙️🌆🏙️🌆🏙️🚨;Encuestas WhatsApp;Media;2023-05-16T10:21;;;
314;"¿Qué significa el prefijo ""iso""? 🗣️🔙 🚨";Encuestas WhatsApp;Media;2023-05-16T10:22;;;
315;¿Cuáles de las siguientes opciones son los tipos de expresión artística? 🎭🎨🖼️👩🏽‍🎤👨🏽‍🎨🎤🖌️🚨;Encuestas WhatsApp;Media;2023-05-16T10:24;;;
316;ATENCIÓN PODIOS: PARA EL DESEMAPTE ⚔️ 🥇🥈🥉 ⚔️ 🚨;Encuestas WhatsApp;Media;2023-05-17T09:19;;;
317;(No cuenta para nota) 🚨 ATENCIÓN PREGUNTA: ¿LLEVA JAVIBU LOS MISMOS CALCETINITOS HOY? 🥹😳🥵🧦 🚨;Encuestas WhatsApp;Media;2023-05-18T08:51;;;
318;Mejor jersey club canción (uh uh .. uh uh uh uh) 🕺👯‍♂️🕺👯‍♂️🕺👯‍♂️👯‍♂️;Encuestas WhatsApp;Media;2023-05-19T11:04;;;
319;*Altura ✋*;Encuestas WhatsApp;Media;2023-05-21T15:12;;;
320;*PESO* 🏋🏽;Encuestas WhatsApp;Media;2023-05-21T15:13;;;
321;¿CÓMO SE LLAMABA LA PERRITA MIMADA QUE SE PERDIÓ ACCIDENTALMENTE  EN UN CHIHUAHUA DE BEVERLY HILLS? 🐩😔 🚨;Encuestas WhatsApp;Media;2023-05-22T14:45;;;
322;Atención pregunta🚨 quién subraya los apuntes con regla?;Encuestas WhatsApp;Media;2023-05-22T17:45;;;
323;¿Cuál de los siguientes elementos es esencial para la síntesis de hemoglobina en el cuerpo humano? 🚎🌬🩸 🚨;Encuestas WhatsApp;Media;2023-05-23T09:22;;;
324;quien esta más jodido con 17 años;Encuestas WhatsApp;Media;2023-05-23T22:41;;;
325;Tras documentarse, llegó a la conclusión de que... ¿es algo normal y con explicación o no? 🚨;Encuestas WhatsApp;Media;2023-05-24T08:14;;;
326;Atención Pregunta🚨Respecto al mapa que envíe antes...Que porcentaje de julais hay realmente en españa?;Encuestas WhatsApp;Media;2023-05-25T15:19;;;
327;¿Cuál es el proceso mediante el cual se forma una estrella? 👨🏽‍🍳🌟 🚨;Encuestas WhatsApp;Media;2023-05-28T12:21;;;
328;¿Juzgais una canción por la portada?;Encuestas WhatsApp;Media;2023-05-28T18:22;;;
329;*ATENCIÓN PREGUNTA: ¿Qué significan las siglas SIDA?* 🚨;Encuestas WhatsApp;Media;2023-05-29T10:05;;;
330;¿Lambió Betsini en su graduación?;Encuestas WhatsApp;Media;2023-05-29T10:08;;;
331;¿Cuál de los siguientes paises es el que cuenta con un mayor numero de rascacielos? 🏙🗼🌫🌫👋 🚨;Encuestas WhatsApp;Media;2023-05-30T08:02;;;
332;"Aprovechando la fecha mando una que tenía guardadita 🫴.... 🚨 ATENCIÓN PREGUNTA: Según un estudio de ""epdata"" del año pasado... ¿Qué porcentaje (el mas aproximado) de la poblacion Española afirma fumar a diario? 😶‍🌫️😶‍🌫️😶‍🌫️😶‍🌫️😶‍🌫️😶‍🌫️ 🚨";Encuestas WhatsApp;Media;2023-05-31T14:42;;;
333;Uno de los siguientes planetas tiene una muy densa atmósfera, llena de dióxido de carbono, qué provoca el efecto invernadero, y de nubes compuestas de ácido sulfúrico. Los gases atrapan el calor y lo mantienen bien calentito ¿Cuál? 🥵🚨;Encuestas WhatsApp;Media;2023-06-04T11:57;;;
334;sabéis lo que es una aulaga ?;Encuestas WhatsApp;Media;2023-06-04T19:46;;;
335;Llega el veranito: 🚨 ATENCIÓN PREGUNTA: ¿Cuál de las siguientes opciones describe correctamente el fenómeno conocido como solsticio de verano? 🌞⛱️🌅 🚨;Encuestas WhatsApp;Media;2023-06-05T08:50;;;
336;🗳 *ATENCIÓN VOTACIÓN OFICIAL PARA LA PROXIMA TEMPORADA DE ATPR* 🗳 🚨;Encuestas WhatsApp;Media;2023-06-05T19:47;;;
337;Atención pregunta, Jorge se para o no?;Encuestas WhatsApp;Media;2023-06-09T14:48;;;
338;Bueno chicos, como me encuentro actualmente en la recta final del TFM y no quiero salir del mood 100cia, voy a preguntaros a ver si sabéis cual de los siguientes es el principio de la experimentación animal (preclinica) 🐇🦆🐸🐱🐰🐹;Encuestas WhatsApp;Media;2023-06-12T08:35;;;
339;🏷 ¿Cuál es mejor Nickname? 🏷;Encuestas WhatsApp;Media;2023-06-12T13:09;;;
340;*ATENCION PREGUNTA SIMPLE* ‼️ *¿Cuál es el animal con el veneno más potente del mundo?*;Encuestas WhatsApp;Media;2023-06-13T09:09;;;
341;ATENCIÓN PREGUNTA🚨 En un modelo del sistema solar a escala 1:20 millones, donde el sol mediria en diámetro 70m, ¿Que diámetro tendría el planeta Mercurio?;Encuestas WhatsApp;Media;2023-06-14T06:37;;;
342;BONUS🚨‼️🤯👊 En ese mismo modelo a escala, ¿a qué distancia en Km se encontraría el último planeta del sistema solar, Neptuno? (Es un tema aún en disputa pero no consideraremos Plutón a efectos de esta pregunta);Encuestas WhatsApp;Media;2023-06-14T06:44;;;
343;Talla favorita de pies;Encuestas WhatsApp;Media;2023-06-14T20:55;;;
344;con quien os casáis;Encuestas WhatsApp;Media;2023-06-14T23:18;;;
345;"AYUDAAAA! Epi no puede ver el número que llevaba ""Chick Hicks"" por culpa de esos ""BooMemes"" en la película Cars (el coche verde, favorito de Velibu quiero yo deducir... ahora que lo pienso...)! ¿Podrias ayudarle? 🏎️💚 🚨";Encuestas WhatsApp;Media;2023-06-15T08:46;;;
346;Pfffrrr;Encuestas WhatsApp;Media;2023-06-15T12:08;;;
347;ATENCION PREGUNTA🚨 ¿Que tipo de criptografía utiliza whatsapp para encriptar sus mensajes de extremos a extremo;Encuestas WhatsApp;Media;2023-06-16T09:56;;;
348;Nos fumigan?;Encuestas WhatsApp;Media;2023-06-16T16:23;;;
349;*ATENCIÓN PREGUNTA* ¿Desde qué año existe esta tradición?;Encuestas WhatsApp;Media;2023-06-17T10:14;;;
350;Sin embargo… me podrian decir *cual* de estas siguientes canciones de su primer album tiene *MENOS* reproducciones? (En spotify) 🐰😈;Encuestas WhatsApp;Media;2023-06-21T09:35;;;
351;olivas en la mortadela?;Encuestas WhatsApp;Media;2023-06-21T11:45;;;
352;ATENCIÓN PREGUNTA🚨 En la 53° edición de los premios Óscar (Películas de 1980) , ¿Cual fue la ganadora a mejor película?;Encuestas WhatsApp;Media;2023-06-22T10:39;;;
353;ATENCIÓN PREGUNTA 🚨 la bandera que tengo en mi culo es la bandera de Inglaterra. Cada Símbolo/color representa a un patrón (santo elegido para la protección a nivel religioso). La cruz roja representa al patrón de Inglaterra, que se llama…;Encuestas WhatsApp;Media;2023-06-23T07:40;;;
354;ATENCION PREGUNTA🚨                         Ahora que ha llegado el verano con el calorcito lo que más apetece es una sandía bien fresquita, pero ¿como sabemos si una sandía está en su punto óptimo de maduración para que tenga el mejor sabor posible?;Encuestas WhatsApp;Media;2023-06-25T13:53;;;
355;⛰️*ATENCION PREGUNTA*⛰️¿Cual es la cascada más grande de todo el parque nacional de ordesa y Monteperdido?;Encuestas WhatsApp;Media;2023-06-26T09:19;;;
356;Kinder joy lo peor de Kinder;Encuestas WhatsApp;Media;2023-06-26T20:13;;;
357;lunes dia de?;Encuestas WhatsApp;Media;2023-06-26T20:21;;;
358;*ATENCIÓN PREGUNTA: ¿Cuál de las siguientes canciones no pertenece a Mora?*🚨;Encuestas WhatsApp;Media;2023-06-27T08:31;;;
359;ATENCIÓN PREGUNTA🚨.                   ¿Cuál de estás películas de “temática lgbtq+” ha recaudado más dinero en taquilla? 🤑💸;Encuestas WhatsApp;Media;2023-06-28T11:40;;;
360;De que etnia fue el q me robó?;Encuestas WhatsApp;Media;2023-07-01T12:34;;;
361;🚨 ATENCIÓN PREGUNTA🚨🚨🚨🚨🫀🫁¿Cuantos órganos tiene el cuerpo humano?🫀🫁;Encuestas WhatsApp;Media;2023-07-02T05:39;;;
362;🚨 ATENCIÓN PREGUNTA🚨🚨🎨🎨¿Que pintor diseñó el logo de chupachups en 1958?👨‍🎨👨‍🎨;Encuestas WhatsApp;Media;2023-07-02T05:41;;;
363;🚨 ATENCIÓN PREGUNTA🚨🚨🏆🏆¿En qué país se han celebrado más veces los JJOO?🏆🏆;Encuestas WhatsApp;Media;2023-07-02T05:43;;;
364;Cual de las siguientes canciones de verbeneo NO está versionada como tal por el combo dominicano o no se encuentra en su repertorio?;Encuestas WhatsApp;Media;2023-07-03T08:45;;;
365;*¿Qué nombre/s comun/es recibe la flor de la siguiente fotografía?*;Encuestas WhatsApp;Media;2023-07-04T08:56;;;
366;ATENCIÓN PREGUNTA🚨 En 1718, ¿qué pirata murió en una batalla en la costa del lugar ahora conocido como Carolina del Norte?;Encuestas WhatsApp;Media;2023-07-05T15:28;;;
367;"Todos conocemos la cancion ""PULCINO PIO - Pollito Pio"" que tanto furor causó allá por el 2012... peeeeroooo... ¿CUAL DE LAS SIGUIENTES OPCIONES NO ES NOMBRADA EN LA TAN ICONICA LETRA DE ESTA CANCIÓN? 🐣🐣🐣 🚨";Encuestas WhatsApp;Media;2023-07-06T09:09;;;
368;ATENCION PEEGUNTA🚨 Cuántas brujas y brujos fueron ejecutados (vivos) por la inquisición en 1610 en el pueblo de Zugarramurdi?;Encuestas WhatsApp;Media;2023-07-07T09:04;;;
369;*ATENCIÓN PREGUNTA* 🚨 *Cuál o cuáles de los siguientes refranes NO son conocidos popularmente, (o sea: me lo/s acabo de inventar)?:*;Encuestas WhatsApp;Media;2023-07-08T11:20;;;
370;¿a que año ocurrió este cambio?;Encuestas WhatsApp;Media;2023-07-09T16:45;;;
371;La pregunta de hoy es: ¿CUANTOS AÑOS TIENE LA FAMOSA SABINA DOBLADA POR EL VIENTO HEREÑO?;Encuestas WhatsApp;Media;2023-07-11T11:53;;;
372;Todos los españoles tenemos algo en común estos dias y es el calor🥵🔥. por lo tanto he decidido recopilar los siguientes facts que tienen que ver con el calor, sin embargo hay una *falsa* ¿Cual de los siguientes facts NO es verdad? ❌;Encuestas WhatsApp;Media;2023-07-12T11:25;;;
373;Atención Pregunta 🚨 ¿A qué pais representa está bandera?;Encuestas WhatsApp;Media;2023-07-13T11:58;;;
374;Tras la noticia de que Bertin Osborne va a tener un baby, me he preguntado si los hombres en algún momento pueden dejar de reproducirse y la respuesta es que NO. Pero, ¿a partir de qué edad reproducen menor cantidad de espermatozoides?;Encuestas WhatsApp;Media;2023-07-14T12:55;;;
375;ATENCION PREGUNTA🚨              ¿Que porcentaje aproximadamente de españoles se suele echar la siesta?;Encuestas WhatsApp;Media;2023-07-16T12:02;;;
376;Os echáis la siesta?😴;Encuestas WhatsApp;Media;2023-07-16T23:40;;;
377;¿Cual es el país del mundo con mayor inflación actualmente?;Encuestas WhatsApp;Media;2023-07-17T14:04;;;
378;*ATENCIÓN PREGUNTA: ¡Ayuda a Betzi! ¿Cuál de las siguientes frases no fue dicha por Nelson Mandela? 🚨*;Encuestas WhatsApp;Media;2023-07-18T10:59;;;
379;¿Cuantos años vivió Adan? De adan y Eva biblia;Encuestas WhatsApp;Media;2023-07-21T14:00;;;
380;🚨Atención pregunta🚨🚨¿Cuál es el *mamífero* más pequeño del mundo en cuanto a *peso*?;Encuestas WhatsApp;Media;2023-07-23T14:56;;;
381;🚨Atención pregunta🚨🚨¿Cuál o cuáles de estos productos no tienen fecha de caducidad?;Encuestas WhatsApp;Media;2023-07-23T14:58;;;
382;🚨Atención pregunta🚨🚨¿Cual es el único organo del cuerpo humano que se puede regenerar?;Encuestas WhatsApp;Media;2023-07-23T15:01;;;
383;🗣️💬 *ENCUESTITA* ¿Comerías carne humana? (Sabiendo a quién te estás comiendo y como ha fallecido);Encuestas WhatsApp;Media;2023-07-28T21:23;;;
384;🗣️💬 *ENCUESTITA* ¿Comerías carne de humano? (No sabes a quién te estás comiendo ni como ha fallecido);Encuestas WhatsApp;Media;2023-07-28T21:24;;;
385;🗣️💬 *ENCUESTITA* ¿Comerías carne humana? (Por supervivencia);Encuestas WhatsApp;Media;2023-07-28T21:26;;;
386;*ATENCIÓN PREGUNTA:* ¿Cuánto tarda en descomponerse una simple bolsa de plástico (de media)? 🛍️♻️ 🚨;Encuestas WhatsApp;Media;2023-07-29T11:34;;;
387;🚨ATENCION PREGUNTA🚨🚨¿QUE PORCENTAJE DE LA POBLACION JOVEN (18-24)  ESTADOUNIDENSE (IMBECILES) CREE FIRMEMENTE QUE LA TIERRA ES PLANA EN EEUU (ESTUDIO DE 2018);Encuestas WhatsApp;Media;2023-07-31T12:17;;;
388;"*ATENCIÓN PREGUNTA: Betzi finalmente cursará el ""Grado de Psicología"" y eso le lleva a pensar... ¿Cuántos psicólogos hay en España?* 🚨";Encuestas WhatsApp;Media;2023-08-01T21:30;;;
389;¿Quién elaboró tal obra de arte? 🎨👨🏽‍🎨 🚨;Encuestas WhatsApp;Media;2023-08-02T13:57;;;
390;Después de ver oppheimer me entró la duda de... 🚨🚨ATENCION PREGUNTA🚨🚨 Cuántas bombas nucleares hay en el mundo aproximadamente en la actualidad?;Encuestas WhatsApp;Media;2023-08-07T22:49;;;
391;"🚨ATENCION PREGUNTA🚨🚨 Pónganse en situación, sois vuestro padre (putero y borracho) y queréis ir a la provincia donde mayor cantidad de prostitutas haya por 1000 habitantes para disfrutar de un una ""putilla"" al maximo. A cual de estas provincias iriais?";Encuestas WhatsApp;Media;2023-08-22T10:04;;;
392;"🚨ATENCION PREGUNTA🚨🚨 Cual ha sido el huracan más ""mortífero"" conocido (que más gente ha muerto)";Encuestas WhatsApp;Media;2023-09-04T10:16;;;
393;‼️ATENCIÓN PREGUNTA‼️🚨 PUNTO DE ENCUENTRO: En Madrid fue donde muchos nos conocimos y donde más nos hemos visto… por eso le guardaré cariño a esta gran ciudad 🤭🤭 así q a ver si podéis decirme cuál de las siguientes curiosidades sobre Madrid es FALSA…;Encuestas WhatsApp;Media;2023-09-05T10:00;;;
394;¿Qué pais de Europa tiene la tasa de desempleo MAS BAJA?;Encuestas WhatsApp;Media;2023-09-06T11:27;;;
395;*ATENCIÓN PREGUNTA: ¿Cuántos kilómetros abarca la ruta más larga posible a pie?* 🚨;Encuestas WhatsApp;Media;2023-09-07T10:33;;;
396;PREGUNTA DE HOY (pido perdón);Encuestas WhatsApp;Media;2023-09-07T16:03;;;
397;*ATENCIÓN PREGUNTA: En relación con los hipopótamos... ¿Cuál de las siguientes afirmaciones es FALSA?* 🚨;Encuestas WhatsApp;Media;2023-09-07T17:32;;;
398;Y al buscar en google descubrí que un ajolote es....;Encuestas WhatsApp;Media;2023-09-09T18:18;;;
399;Quevedo, fue coronado como el *primer artista español* en alcanzar el *número uno* del Top 50 *Global* de Spotify gracias a su BZRP Music Sessions #52. ¿Sabriais decirme qué mes salió esta histórica canción? 👨🏻‍🎤 🇮🇨🇪🇸 🚨;Encuestas WhatsApp;Media;2023-09-10T08:09;;;
400;¿Cuál de las siguientes partes del cuerpo humano esta porcentualmente compuesta por MÁS agua? 💧🧠🫁🩸👫 🚨;Encuestas WhatsApp;Media;2023-09-10T08:10;;;
401;¿Cual o Cuáles son los animales emblemáticos de España nuestra nación? ✊🇪🇦 🚨;Encuestas WhatsApp;Media;2023-09-10T08:13;;;
402;🚨;Encuestas WhatsApp;Media;2023-09-10T08:13;;;
403;🚨🚨Actualmente España tiene una extensión de 500.000 km²,pero en otra época (1550-1750) teníamos más territorio. ¿Cuál fue la máxima expansión que logró tener el imperio español? 🚨🚨🚨;Encuestas WhatsApp;Media;2023-09-11T00:58;;;
404;Hoy estoy modo historiador 🚨🚨🚨¿Quién ha tenido la  expansión más grande conocida hasta la fecha?🚨🚨🚨;Encuestas WhatsApp;Media;2023-09-11T19:59;;;
405;🚨*ATENCION PREGUNTA*🚨🚨🚨     ¿Cuantos países y cuantos dialectos hay y se hablan en África?;Encuestas WhatsApp;Media;2023-09-12T11:38;;;
406;Pensáis teniendo un monólogo interno?;Encuestas WhatsApp;Media;2023-09-12T20:45;;;
407;Os habéis despertado de un sueño por reíros?;Encuestas WhatsApp;Media;2023-09-12T21:42;;;
408;ATENCIÓN PREGUNTA🚨¿Cuál es aproximadamente el aforo permitido en FABRIK?;Encuestas WhatsApp;Media;2023-09-13T10:07;;;
409;ATENCIÓN PREGUNTA 🚨 Ayer dieron comienzo las fiestas de Ainsa y cada dos años se organiza un evento que representa el motivo de las fiestas ¿Que evento se organiza?;Encuestas WhatsApp;Media;2023-09-14T12:29;;;
410;ATENCIÓN  PREGUNTA🚨 Cuenta el mito que las grandes cordilleras del mundo fueron creadas tras una gran pelea ente dos gigantes. No obstante, muchas montañas tienen su propia historia... ¿Cuál de estos picos NO tiene su propia leyenda?;Encuestas WhatsApp;Media;2023-09-15T08:30;;;
411;*ATENCIÓN PREGUNTA* 🚨 ¿Cual de los siguientes datos no es real? ❌;Encuestas WhatsApp;Media;2023-09-16T10:48;;;
412;¿Qué pickeo?;Encuestas WhatsApp;Media;2023-09-17T13:21;;;
413;🌱;Encuestas WhatsApp;Media;2023-09-19T09:48;;;
414;¿En su día a día piensan en el imperio romano?;Encuestas WhatsApp;Media;2023-09-19T15:38;;;
415;En que año sacó su primer disco Camarón de la isla;Encuestas WhatsApp;Media;2023-09-20T12:19;;;
416;¿QUE COMUNIDAD AUTONOMA CONSTA DE *MAS AMBULANCIAS POR 1000 HABITANTES EN ESPAÑA?;Encuestas WhatsApp;Media;2023-09-21T11:59;;;
417;🚨*ATENCION PREGUNTA*🚨🚨*¿Cuál o cuáles de los siguientes “Mares” son, en realidad, considerado/s como Lago/s?;Encuestas WhatsApp;Media;2023-09-22T10:10;;;
418;ATENCIÓN PREGUNTA 🚨¿Cuál de estas opciones NO forma parte de la lista de las 7 MARAVILLAS DEL MUNDO ANTIGUO?🏛️🕌⛩️🛕🗿🗺️🗽🏰;Encuestas WhatsApp;Media;2023-09-23T11:53;;;
419;🚨🚨ATENCION PREGUNTA: ¿Cuantos píxeles puede ver el ojo humano?;Encuestas WhatsApp;Media;2023-09-23T17:05;;;
420;😘;Encuestas WhatsApp;Media;2023-09-25T11:42;;;
421;🚨*Atencion pregunta rapida* ¿Que día se celebra en el día de hoy (25 de septiembre);Encuestas WhatsApp;Media;2023-09-25T20:19;;;
422;Peeeroo.... ¿Cuantas lenguas oficiales tiene la UNIÓN EUROPEA? 🗣️🚨;Encuestas WhatsApp;Media;2023-09-26T10:01;;;
423;¿Cuánto vive una mosca? 🧬🪰 🚨;Encuestas WhatsApp;Media;2023-09-30T15:13;;;
424;"¿Qué significa *""CINEGETICO""*? 🚨";Encuestas WhatsApp;Media;2023-10-02T11:57;;;
425;*ATENCIÓN PREGUNTA* 🚨 ¿Cual de las siguientes canciones tiene menos reproducciones en YouTube?;Encuestas WhatsApp;Media;2023-10-02T12:01;;;
426;Los grupos los haríais a sorteo?;Encuestas WhatsApp;Media;2023-10-02T17:00;;;
427;🚨🚨*ATENCION PREGUNTA*🚨🚨🚨¿Cual es el récord de aviones volando al mismo tiempo?;Encuestas WhatsApp;Media;2023-10-03T14:00;;;
428;ATENCION PREGUNTA🚨                        En el año 2001, salió el dato de que el consumo de pan por persona en España era de 50,25 kilos. ¿Cual es el consumo de pan por persona actualmente (datos de 2021)?;Encuestas WhatsApp;Media;2023-10-05T14:37;;;
429;?;Encuestas WhatsApp;Media;2023-10-09T12:56;;;
430;"Epi va en un regional/ tren de media distancia 🚇, siempre se ha preguntado a cuánto irán estos trenes tan pesadoZzz, le ha preguntado a Manolo y este le ha dicho: Llegan a ir a "".......""km/h aprox cuando pueden 🚨";Encuestas WhatsApp;Media;2023-10-11T15:26;;;
431;Acuarius;Encuestas WhatsApp;Media;2023-10-11T16:03;;;
432;Tias;Encuestas WhatsApp;Media;2023-10-11T16:09;;;
433;Geas;Encuestas WhatsApp;Media;2023-10-11T16:12;;;
434;ATENCION PREGUNTA🚨                      Este año se bate récord de asistencia en la ofrenda a la Virgen con 76 grupos más que el año pasado. ¿Cuántos grupos participan hoy en la ofrenda de flores?;Encuestas WhatsApp;Media;2023-10-12T16:41;;;
435;¿Quién es el SEGUNDO 🥈 artista con más reproducciones del mundo en Spotify actualmente? 🔝🎶 🚨;Encuestas WhatsApp;Media;2023-10-15T17:11;;;
436;¿Cuál creéis que es la puntuación de estas patatas: 🚨;Encuestas WhatsApp;Media;2023-10-15T17:36;;;
437;adivina adivinanza qué se le ha caído a alguien en el metro?;Encuestas WhatsApp;Media;2023-10-15T18:21;;;
438;🚨 *ATENCIÓN PREGUNTA: Aparte de otras populares maneras de llamar al Viejo Oeste, como son Lejano Oeste o Salvaje Oeste... ¿Cuál es otra manera, no tan popular, de denominar estos hechos?* 🚨🚨;Encuestas WhatsApp;Media;2023-10-16T08:14;;;
439;🚨 *ATENCIÓN PREGUNTA: ¿Cuál de las siguientes opciones contiene todos los gases mayoritarios de las diferentes atmósferas correctamente?*🚨🚨;Encuestas WhatsApp;Media;2023-10-17T07:16;;;
440;🚨 *ATENCIÓN PREGUNTA: ¿Cuál es el mes con más nacimientos a nivel mundial?*🚨🚨;Encuestas WhatsApp;Media;2023-10-18T11:27;;;
441;*ATENCIÓN PR..._ECIO JUSTO_* *¿Cuánto vale esta botella de galón (3.5litros) de agua?*🚨;Encuestas WhatsApp;Media;2023-10-19T09:34;;;
442;*ATENCIÓN PREGUNTA: ¿Qué rango corresponde al espectro audible humano?*🚨;Encuestas WhatsApp;Media;2023-10-20T14:44;;;
443;*ATENCIÓN PREGUNTA: ¿Cuáles 2 de estos acontecimientos vitales suponen un mayor estrés?* 🚨;Encuestas WhatsApp;Media;2023-10-21T10:43;;;
444;*ATENCIÓN PREGUNTA: ¿Cuál es el animal emblemático de Nicaragua?* 🚨;Encuestas WhatsApp;Media;2023-10-22T11:52;;;
445;*ATENCIÓN PREGUNTA: ¿Cuál es la unidad del sistema internacional para medir la intensidad eléctrica?* 🚨;Encuestas WhatsApp;Media;2023-10-22T11:53;;;
446;*ATENCIÓN PREGUNTA: ¿En cuántos subestadios dividió Piaget el desarrollodel periodo sensoriomotor de los bebés?* 🚨;Encuestas WhatsApp;Media;2023-10-22T11:53;;;
447;*ATENCIÓN PREGUNTA: ¿Hoy es el Día Internacional de...?* 🚨;Encuestas WhatsApp;Media;2023-10-22T11:53;;;
448;*ATENCIÓN PREGUNTA: ¿A qué hora se pone hoy el sol 🥹EN TERUEL🥹?* 🚨;Encuestas WhatsApp;Media;2023-10-22T11:54;;;
449;*ATENCIÓN PREGUNTA: ¿Cuántas horas de vídeo se suben al minuto a YouTube?*🚨;Encuestas WhatsApp;Media;2023-10-23T16:42;;;
450;te cae bien berto romero? 🥸🥸;Encuestas WhatsApp;Media;2023-10-23T20:57;;;
451;*ATENCIÓN PREGUNTA: ¿Cuándo cayó el Imperio Romano en Occidente?* 🚨;Encuestas WhatsApp;Media;2023-10-24T10:09;;;
452;"*ATENCIÓN PREGUNTA: ¿Qué significa ""Nefelibata""?*🚨";Encuestas WhatsApp;Media;2023-10-25T10:19;;;
453;*ATENCIÓN PREGUNTA: Todos sabemos qué Doraemon viene del futuro pero... ¿De qué siglo viene Doraemon?*🚨;Encuestas WhatsApp;Media;2023-10-26T09:29;;;
454;*ATENCIÓN PREGUNTA: ¿Cuántas personas mueren ahogadas al año?*🚨;Encuestas WhatsApp;Media;2023-10-27T09:13;;;
455;*ATENCIÓN PREGUNTA: ¿En qué país se vendieron más entradas de cine por habitante en 2022?*🚨;Encuestas WhatsApp;Media;2023-10-28T16:47;;;
456;🚨🚨ATENCION PREGUNTA: ¿Cuantas medallas ganó España en los JJOO de Atenas en 2004?🚨🚨🚨;Encuestas WhatsApp;Media;2023-10-29T14:43;;;
457;HOY;Encuestas WhatsApp;Media;2023-10-29T15:47;;;
458;*ATENCIÓN PREGUNTA: ¿Quién tiene más oyentes mensuales?* 🚨;Encuestas WhatsApp;Media;2023-10-29T15:50;;;
459;*ATENCIÓN PREGUNTA: ¿En qué lugar está Twitter posicionado en la lista de páginas más visitadas?*🚨;Encuestas WhatsApp;Media;2023-10-29T15:52;;;
460;*ATENCIÓN PREGUNTA: ¿Cómo ha muerto el hombre?* 🚨;Encuestas WhatsApp;Media;2023-10-29T16:18;;;
461;SE PUEDE?;Encuestas WhatsApp;Media;2023-10-29T16:32;;;
462;*¿QUIÉN GANA?*;Encuestas WhatsApp;Media;2023-10-29T22:11;;;
463;*ATENCIÓN PREGUNTA: El origen de Halloween se remonta a un antiguo festival pagano celebrado por...*🚨;Encuestas WhatsApp;Media;2023-10-30T10:49;;;
464;¿Que preferís?;Encuestas WhatsApp;Media;2023-10-31T17:19;;;
465;👻👹 *ATENCIÓN PREGUNTA: ¿Cuál es la película de miedo más taquillera?*👹👻🚨;Encuestas WhatsApp;Media;2023-10-31T21:31;;;
466;PUNTO A BABY Y ANGEL;Encuestas WhatsApp;Media;2023-11-01T20:47;;;
467;*ATENCIÓN PREGUNTA: En España, se celebra yendo al cementerio... etc etc etc... pero hay una comunidad autónoma que hace algo en concreto. ¿Cuál es esta comunidad autónoma?* 🚨;Encuestas WhatsApp;Media;2023-11-02T11:02;;;
468;*ATENCIÓN PREGUNTA: ¿Cuál es la temperatura en los polos de la Luna?*🚨;Encuestas WhatsApp;Media;2023-11-03T17:11;;;
469;*ATENCIÓN PREGUNTA: ¿Cuál es la enfermedad crónica más común en mujeres en España?* 🚨;Encuestas WhatsApp;Media;2023-11-04T11:03;;;
470;*ATENCIÓN PREGUNTA: ¿Quién tiene el cerebro más grande?* 🚨;Encuestas WhatsApp;Media;2023-11-05T14:45;;;
471;*ATENCIÓN PREGUNTA: ¿Hay más estrellas o granos de arena?* 🚨;Encuestas WhatsApp;Media;2023-11-05T14:45;;;
472;*ATENCIÓN PREGUNTA: ¿Quién es mejor pagado?* 🚨;Encuestas WhatsApp;Media;2023-11-05T14:46;;;
473;*ATENCIÓN PREGUNTA: Ayer Vegetta777 hizo su primer directo en Twitch... ¿Cuántos seguidores tiene ya?* 🚨;Encuestas WhatsApp;Media;2023-11-05T14:46;;;
474;*ATENCIÓN PREGUNTA: ¿Cuándo se invento el microondas?*🚨;Encuestas WhatsApp;Media;2023-11-05T14:47;;;
475;*ATENCIÓN PREGUNTA: ¿Cuál de estas películas/series animadas tienen un Live Action planeado para 2025?*🚨;Encuestas WhatsApp;Media;2023-11-06T10:53;;;
476;We are back: 🗣️ *CHIQUIENCUESTA SIN RESPUESTA:* ¿Es ético utilizar la edición genética para diseñar bebés con características específicas?;Encuestas WhatsApp;Media;2023-11-06T19:27;;;
477;*ATENCIÓN PREGUNTA: ¿Cuáles son las 3 regiones con peor índice?*🚨;Encuestas WhatsApp;Media;2023-11-07T10:09;;;
478;🗣 *CHIQUIENCUESTA SIN RESPUESTA* ¿OS GUSTARIA TENER EN VUESTRA MANO TANTISIMO PODER MUNDIAL? 🗣;Encuestas WhatsApp;Media;2023-11-07T20:20;;;
479;*ATENCIÓN PREGUNTA: ¿Cuál es la tercera ciudad más poblada de Marruecos?*🚨;Encuestas WhatsApp;Media;2023-11-08T10:13;;;
480;🗣️ CHIQUIENCUESTA SIN RESPUESTA: ¿Le ponéis huevo frito a los macarrones? 🗣️;Encuestas WhatsApp;Media;2023-11-08T18:10;;;
481;*Modalidad de huevo preferida*;Encuestas WhatsApp;Media;2023-11-08T18:40;;;
482;os apetece DARK STORIE? 🫨;Encuestas WhatsApp;Media;2023-11-09T10:16;;;
483;*ATENCIÓN PREGUNTA: ¿Cuál de estas pruebas no están presentes en ninguna de las oposiciones (pruebas físicas) para ser bombero?*🚨;Encuestas WhatsApp;Media;2023-11-09T15:18;;;
484;*ATENCIÓN PREGUNTA: ¿Cuándo surgió el islam?* 🚨;Encuestas WhatsApp;Media;2023-11-10T05:08;;;
485;*EL HOMBRE SE ARREPIENTE PORQUE...*🚨;Encuestas WhatsApp;Media;2023-11-11T12:17;;;
486;*ATENCIÓN PREGUNTA: ¿Qué alimento tiene más vitamina C?*🚨;Encuestas WhatsApp;Media;2023-11-12T14:59;;;
487;*ATENCIÓN PREGUNTA: ¿Cuándo surgió la electricidad?*🚨;Encuestas WhatsApp;Media;2023-11-12T14:59;;;
488;*ATENCIÓN PREGUNTA: Según las historias de la antigüedad, de hindúes y romanos, y los reportes de zoológicos, en una pelea gana...*🚨;Encuestas WhatsApp;Media;2023-11-12T15:00;;;
489;*ATENCIÓN PREGUNTA: Robert Hooke descubrió la célula en el...* 🚨;Encuestas WhatsApp;Media;2023-11-12T15:01;;;
490;*ATENCIÓN PREGUNTA: ¿En qué idioma hay más palabras?*🚨;Encuestas WhatsApp;Media;2023-11-12T15:04;;;
491;*ATENCIÓN PREGUNTA: ¿Cuántos litros de agua hay aproximadamente en La Tierra?*🚨;Encuestas WhatsApp;Media;2023-11-13T09:06;;;
492;DIGO LOS PECADOS CAPITALES;Encuestas WhatsApp;Media;2023-11-13T16:06;;;
493;*ATENCIÓN PREGUNTA: ¿Dónde se ubica la fortaleza Fort Boyard en Francia?* 🚨;Encuestas WhatsApp;Media;2023-11-14T10:53;;;
494;*ATENCIÓN PREGUNTA: ¿Quién es el autor de esta teoría?*🚨;Encuestas WhatsApp;Media;2023-11-15T13:39;;;
495;🎭 *ATENCIÓN PREGUNTA BONUS: ¿Quiénes de estas importantes figuras históricas vivieron al mismo tiempo?* 🎭🚨;Encuestas WhatsApp;Media;2023-11-15T13:44;;;
496;*ATENCIÓN PREGUNTA: ¿Cuál de las siguientes canciones no figura en el Top 10 Global en Spotify?* 🚨;Encuestas WhatsApp;Media;2023-11-16T14:25;;;
497;*ATENCIÓN PREGUNTA: ¿Cuántas han sido el máximo de tarjetas rojas sacadas en un partido de fútbol?*🚨;Encuestas WhatsApp;Media;2023-11-17T15:29;;;
498;BETZI VS ÁGUILA REAL;Encuestas WhatsApp;Media;2023-11-17T16:53;;;
499;*ATENCIÓN PREGUNTA: ¿Cuál es la evidencia más antigua del uso de la rueda?*🚨;Encuestas WhatsApp;Media;2023-11-18T18:05;;;
500;*ATENCIÓN PREGUNTA: ¿Qué Featuring con Myke Towers tiene más reproducciones en Spotify?*🚨;Encuestas WhatsApp;Media;2023-11-19T12:13;;;
501;*ATENCIÓN PREGUNTA: ¿Quién cuenta con más seguidores en Instagram?*🚨;Encuestas WhatsApp;Media;2023-11-19T12:13;;;
502;*ATENCIÓN PREGUNTA: ¿Qué película de Disney salió antes?*🚨;Encuestas WhatsApp;Media;2023-11-19T12:13;;;
503;*ATENCIÓN PREGUNTA: ¿Cuál de estos era un dinosaurio?*🚨;Encuestas WhatsApp;Media;2023-11-19T12:14;;;
504;*ATENCIÓN PREGUNTA: El actor de doblaje Mario García es reconocido por doblar a...*🚨;Encuestas WhatsApp;Media;2023-11-19T12:14;;;
505;*ATENCIÓN PREGUNTA: Connor McGregor cuenta con 22 victorias en UFC... ¿Cuántas han sido por KO?*🚨;Encuestas WhatsApp;Media;2023-11-20T11:19;;;
506;*ATENCIÓN PREGUNTA: ¿Cuál/Cuáles de estos son elementos del municipio?* 🚨;Encuestas WhatsApp;Media;2023-11-21T12:48;;;
507;*ATENCIÓN PREGUNTA: ¿Cuál de estas es la provincia más poblada?*🚨;Encuestas WhatsApp;Media;2023-11-22T15:07;;;
508;*ATENCIÓN PREGUNTA: ¿Qué es la anosmia?*🚨;Encuestas WhatsApp;Media;2023-11-23T15:46;;;
509;Me voy a comprar un teclado:;Encuestas WhatsApp;Media;2023-11-23T16:20;;;
510;MIERDA MIERDA MIERDA! EPI TIENE CITA PARA QUITARSE LOS PUNTOS PERO EL CACHONDO DEL CIRUJANO LE DICE QUE TIENE CITA A LAS 11:00 *HORA PERUANA*, ¿A QUÉ HORA TIENE LA CONSULTA SI ES EN ZARAGOZA? 👨‍⚕️💉🚨;Encuestas WhatsApp;Media;2023-11-29T13:44;;;
511;ATENCION PREGUNTA🚨¿Se considera un ciclomotor un vehículo de motor?;Encuestas WhatsApp;Media;2023-12-01T10:56;;;
512;🗣️ CHIQUIENCUESTA SIN RESPUESTA: ¿GRUMITOS? 🥛 🗣️;Encuestas WhatsApp;Media;2023-12-03T13:04;;;
513;¿QUÉ ANIMAL TIENE MÁS DIENTES? 🦁🐯🦷🦷🚨;Encuestas WhatsApp;Media;2023-12-04T12:33;;;
514;🗣️ CHIQUIENCUESTA SIN RESPUESTA: ¿CUÁNTAS VECES HAS CAGADO HOY? 💩 🗣️;Encuestas WhatsApp;Media;2023-12-04T20:08;;;
515;LA ESTATUA DE LA LIBERTAD MIDE... 🗽 🚨;Encuestas WhatsApp;Media;2023-12-05T11:42;;;
516;¿CUÁNTAS PASTILLITAS SALEN EN EL SIGUIENTE BOTE DE SACARINA? ⚪⚪⚪⚪⚪ 🚨;Encuestas WhatsApp;Media;2023-12-08T12:18;;;
517;Que Pokemon juego;Encuestas WhatsApp;Media;2023-12-09T19:25;;;
518;En que año se realizó la última lobotomía (legal supongo);Encuestas WhatsApp;Media;2023-12-12T09:06;;;
519;¿Cuáles de estas celebridades son más mayores que el (Estado) de Israel?👵🏻👴🏻💣🍉;Encuestas WhatsApp;Media;2023-12-13T15:03;;;
520;*OTIS* ES UNA RECONOCIDA EMPRESA ESPAÑOLA DE... 🚨;Encuestas WhatsApp;Media;2023-12-14T10:18;;;
521;¿NOS HAN HECHO CASO Y SE PUEDEN FIJAR LAS PRESUNTAS? 🧲🧲🧲🚨;Encuestas WhatsApp;Media;2023-12-17T20:49;;;
522;🎄 SEASON ESPECIAL NAVIDEÑA EMPIEZA ESTÁ TARDE🎄🚨;Encuestas WhatsApp;Media;2023-12-18T13:06;;;
523;🎄 ATENCIÓN PREGUNTA: ¿DÓNDE ESTA ENTERRADO PAPA NOEL? ⚰🎄🚨;Encuestas WhatsApp;Media;2023-12-18T16:31;;;
524;🎄 ATENCIÓN PREGUNTA: ¿Cuál es el país que se atribuye como lugar de origen del árbol de Navidad? 📍🌲 🎄🚨;Encuestas WhatsApp;Media;2023-12-19T17:17;;;
525;🎄 ATENCIÓN PREGUNTA: ¿Según la tradición bíblica, REALMENTE ¿Dónde nació Jesús? 👶🏻✝️ 🎄🚨;Encuestas WhatsApp;Media;2023-12-20T18:43;;;
526;🎄 ATENCIÓN PREGUNTA: ¿Cuál o Cuáles  de las siguientes opciones fueron regalos llevados por los Reyes Magos al niñito Jesús?🫅🏼🤴🏻🤴🏿  👶🏼🎄🚨;Encuestas WhatsApp;Media;2023-12-21T11:56;;;
527;🎄 ATENCIÓN PREGUNTA: ¿Qué celebración se conmemora durante la Epifanía? 🤩🎉🥳 🎄🚨;Encuestas WhatsApp;Media;2023-12-22T10:29;;;
528;🎄 ATENCIÓN PREGUNTA: ¿Cuál es la ciudad Europea que más dinero se gasta en luces navideñas? 🎄🚨;Encuestas WhatsApp;Media;2023-12-23T19:48;;;
529;🎄 ATENCIÓN PREGUNTA: ¿Qué otro nombre recibe la Nochebuena en algunos países de habla hispana? 🌕🎅🏽 🎄🚨;Encuestas WhatsApp;Media;2023-12-24T14:08;;;
530;🎄 ATENCIÓN PREGUNTA: ¿Cuál de las siguientes figuras mitológicas NO está relacionada con la Navidad en la cultura tradicional europea? 🎄🚨;Encuestas WhatsApp;Media;2023-12-25T15:01;;;
531;🎄 ATENCIÓN PREGUNTA: Tres de los siguientes 4 países NO celebran la navidad, ¿Sabría decirme cuál de ellos SI que la celebra? 😇😍🫂🎄🚨;Encuestas WhatsApp;Media;2023-12-26T10:29;;;
532;🎄 ATENCIÓN PREGUNTA: ¿Cuál es el ingrediente tradicional que define principalmente la variante clásica del turrón de Jijona, una especialidad de turrón española? 🫴🍫🎄🚨;Encuestas WhatsApp;Media;2023-12-27T15:29;;;
533;🎄 FELIZ DIA DE LOS INOCENTES, ATENCIÓN PREGUNTA: ¿Cuál es el origen histórico del Día de los Santos Inocentes, celebrado el 28 de diciembre en muchos países de habla hispana? 🤣🤣🤣 🎄🚨;Encuestas WhatsApp;Media;2023-12-28T13:39;;;
534;🎄 ¿Cuáles son los ingredientes principales para hacer churros (¡LA MASA BÁSICA y clásica  y SOLO LA MASA BÁSICA clásica  !)? * emoji de churrito *☕ 🎄🚨;Encuestas WhatsApp;Media;2023-12-29T13:08;;;
535;¿Qué eres más de..? ☕️;Encuestas WhatsApp;Media;2023-12-30T12:48;;;
536;🎄 ATENCIÓN PREGUNTA: ¿Cómo se forman los copos de nieve? ❄️❄️❄️ 🎄🚨;Encuestas WhatsApp;Media;2023-12-30T14:19;;;
537;🎄 ATENCIÓN PREGUNTA: La celebración de Nochevieja el 31 de diciembre tiene su origen en la transición del calendario gregoriano, organización temporal que hoy se utiliza de manera oficial en casi todo el mundo ¿Pero dónde se originó este calendario? 🗓️📍🎄🚨;Encuestas WhatsApp;Media;2023-12-31T16:40;;;
538;Cómo se diceeeeeee............;Encuestas WhatsApp;Media;2024-01-09T11:30;;;
539;si estáis solos en casa, ¿cómo escucháis música preferiblemente?;Encuestas WhatsApp;Media;2024-01-09T13:08;;;
540;"🗣️ CHIQUIENCUESTA: ¿Os echáis a dormir todos los días ""de la misma forma""?, una rutina por así llamarlo... P.ej: quitarse los cascos, girarse a la izquierda, pensar un rato o estar así un rato y ya finalmente girar a la derecha y ya quedarse así dormido";Encuestas WhatsApp;Media;2024-01-09T17:00;;;
541;🗣️ CHIQUIENCUESTA SIN RESPUESTA: OTRA, OS MOVEIS DURMIENDO? 🗣️;Encuestas WhatsApp;Media;2024-01-09T17:04;;;
542;🗣️ CHIQUIENCUESTA SIN RESPUESTA: A día de hoy preferentemente¿a qué colegio llevaréis a vuestros hijos si podéis elegir? 🏫 🗣️;Encuestas WhatsApp;Media;2024-01-10T10:16;;;
543;Cafe;Encuestas WhatsApp;Media;2024-01-15T10:00;;;
544;🗣️🎶 CHIQUIENCUESTA SIN RESPUESTA 🎶🗣️;Encuestas WhatsApp;Media;2024-01-16T09:17;;;
545;¿Cuál o Cuáles (son dos) de estas marcas NO pertenece a la compañía CocaCola? 🥤😃 🚨;Encuestas WhatsApp;Media;2024-01-18T10:23;;;
546;🗣️ CHIQUIENCUESTA SIN RESPUESTA: Solo puedes ver una el resto de tus días 🎥🎥🎥 🗣️;Encuestas WhatsApp;Media;2024-01-19T15:37;;;
547;🗣️ CHIQUIENCUESTA SIN RESPUESTA, Pongamos Ibai... Ibai hace un charlando tranquilamente con por ejemplo, TIni, o Myke Towers, que casualmente acaban de sacar un álbum. O por ejemplo con Ester Expósito, que acaba de ser protagonista de una nueva serie 🗣️;Encuestas WhatsApp;Media;2024-01-19T18:35;;;
548;*ortografía....*;Encuestas WhatsApp;Media;2024-01-22T21:13;;;
549;TRAP BUNNY EL CONEJO MALO 🐰👿;Encuestas WhatsApp;Media;2024-01-23T13:56;;;
550;Me corto el pelo? (Medio largo sería yo creo) como ahora con el moño bajo;Encuestas WhatsApp;Media;2024-01-24T20:25;;;
551;Solo puede quedar una;Encuestas WhatsApp;Media;2024-02-01T00:09;;;
552;cómo llamáis a la herramienta k taladra;Encuestas WhatsApp;Media;2024-02-06T23:45;;;
553;como lo llamáis;Encuestas WhatsApp;Media;2024-02-07T11:21;;;
554;🗣️ CHIQUIENCUESTA SIN RESPUESTA: PARA LA PASTA 🍝, QUESO: 🧀 🗣️;Encuestas WhatsApp;Media;2024-02-12T14:33;;;
555;Cuando lanzaron la coca cola ZERO al mercado?;Encuestas WhatsApp;Media;2024-02-12T14:41;;;
556;Hija thothie o hijo gay?;Encuestas WhatsApp;Media;2024-02-12T15:05;;;
557;🥰 Feliz San Valentín 🥰 (he estado indagando y el estudio mas reciente es: 2021) . ¿Qué PORCENTAJE de la POBLACIÓN ESPAÑOLA tiene PAREJA? 👫🏻👭🏻👬🏻👨🏽‍❤️‍👨🏻💏🏼💑🏼🧑🏻‍🤝‍🧑🏻💖💋🌹💗💕😗😻 🚨;Encuestas WhatsApp;Media;2024-02-14T14:28;;;
558;En que año se hizo la primera rotonda en España;Encuestas WhatsApp;Media;2024-03-06T20:00;;;
559;✋;Encuestas WhatsApp;Media;2024-03-07T10:18;;;
560;como es;Encuestas WhatsApp;Media;2024-03-13T20:10;;;
561;another one;Encuestas WhatsApp;Media;2024-03-13T20:18;;;
562;¿Es hoy el Día de π? 🗓️ 🚨;Encuestas WhatsApp;Media;2024-03-14T11:26;;;
563;Lukas Graham -;Encuestas WhatsApp;Media;2024-03-21T10:22;;;
564;Habéis probado la leche con 7up?;Encuestas WhatsApp;Media;2024-04-05T21:33;;;
565;¿Cuántas canciones hay en Spotify aproximadamente?;Encuestas WhatsApp;Media;2024-04-17T12:49;;;
566;¿Qué elementos de los siguientes ❌ NO ❌ aparecen en el primer vídeo subido a Youtube? 📹 🚨;Encuestas WhatsApp;Media;2024-04-21T13:25;;;
567;¿En que año se subió el primer video de YouTube? 🗓️ 🚨;Encuestas WhatsApp;Media;2024-04-21T19:20;;;
568;"Cuantas reproducciones tiene ""CONTANDO LUNARES"" (redondeado";Encuestas WhatsApp;Media;2024-04-22T21:23;;;
569;¿Qué año nació el cantante y compositor colombiano Manuel Turizo .​Principalmente conocido por su canción «Una Lady como tú», tema con el cual logró obtener un gran reconocimiento internacional? 👨🏽‍🎤🪇🫔🥁 🚨;Encuestas WhatsApp;Media;2024-04-24T12:15;;;
570;"Datos del 13 Febrero de 2022 - El *""_""%* de las criaturas que vienen al mundo en nuestro país no lo hace mediante parto vaginal. 🐣👶🏻🍼 🚨";Encuestas WhatsApp;Media;2024-05-06T09:49;;;
571;*Atencion Pregunta* ¿Qué planeta/s del Sistema Solar son exclusivamente rocosos?;Encuestas WhatsApp;Media;2024-05-16T23:27;;;
572;¿En que año en España se consideró que cada persona debía contar con un DNI? Documento por el cual cada individuo debía ser legalmente identificado mediante un número de ocho cifras acompañado de una letra. 💳🆔 🚨;Encuestas WhatsApp;Media;2024-05-25T14:25;;;
573;Domingo de pensar....... cómo se llama la ~ de la Ñ ?????;Encuestas WhatsApp;Media;2024-06-16T20:21;;;
574;Redondeando, cuantos viajeros de tren 🚄🚃 hubo el año pasado⬅️ en España. (Millones);Encuestas WhatsApp;Media;2024-06-28T22:22;;;
575;Mi coche familiar👨‍👩‍👦‍👦, un precioso Citroën C8🚘🚘, tiene cerca de 150.000 km. Con esa distancia recorrida, cuantas vueltas a la tierra (a través del una carretera imaginaria en la circunferencia Ecuatorial🌐🌍) se podrían haber realizado con estos kilometros?;Encuestas WhatsApp;Media;2024-08-21T02:47;;;
576;Las lentejas;Encuestas WhatsApp;Media;2024-10-18T18:33;;;
